borrower_id,business_name,gstin,sector,cluster,turnover_band,language,base_monthly_turnover,gst_filed_on_time_pct,gst_avg_declared_turnover,gst_max_declared_turnover,gst_min_declared_turnover,gst_avg_delay_days,upi_avg_monthly_inflow,upi_inflow_trend_pct,upi_avg_txn_count,eway_avg_dispatch_count,eway_dispatch_momentum_pct,eway_avg_dispatch_value,aa_avg_monthly_credit,aa_avg_monthly_debit,aa_avg_closing_balance,aa_net_monthly_flow,aa_bounce_count_6m,bureau_has_file,bureau_score,cash_flow_score,risk_band,sanctioned_limit,interest_rate_pct,processing_fee_pct,apr_pct
1,Shah Cloth House #1,07ABCDE1001F1Z1,Trading,Rajasthan - Bhilwara,Rs 3-5Cr,Gujarati,2831950,83.3,2637452,3198414,2168965,1.2,2714208,-1.8,683,129.8,22.8,2032844,2112444,1887725,461189,224719,0,True,693,69.7,B,5664000.0,18.0,1.5,19.5
2,Jain Packaging Co #2,07ABCDE1002F1Z2,Trading,Gujarat - Morbi,Rs 1-3Cr,English,2834353,100.0,2813392,3379516,2205038,0.0,3062211,-18.5,595,177.5,-9.7,2050073,2193523,1995882,1094470,197641,2,False,,64.7,C,2834000.0,24.0,2.0,26.0
3,Yadav Auto Parts #3,07ABCDE1003F1Z3,Trading,Gujarat - Morbi,Rs 3-5Cr,Gujarati,791054,75.0,845369,970425,658602,3.9,811617,-41.3,720,77.3,18.1,550106,542421,442626,301118,99795,0,False,754,63.2,C,791000.0,24.0,2.0,26.0
4,Desai Textiles #4,07ABCDE1004F1Z4,Trading,Rajasthan - Bhilwara,> Rs 5Cr,Gujarati,1926617,75.0,1902221,2337339,1497146,3.0,1772554,-4.3,898,240.5,112.9,1197999,1299175,1479190,582924,-180015,0,False,713,71.8,B,3853000.0,18.0,1.5,19.5
5,Iyer Metal Works #5,07ABCDE1005F1Z5,Micro-Manufacturing,Gujarat - Morbi,< Rs 40L,Hindi,1243730,100.0,1219689,1553701,977909,0.0,1392888,4.9,426,126.5,-70.6,886357,956963,776716,125695,180247,1,True,,62.6,C,1244000.0,24.0,2.0,26.0
6,Jain Fertilizer Depot #6,07ABCDE1006F1Z6,Trading,UP - Moradabad,> Rs 5Cr,Marwari,465595,91.7,490572,576454,373126,1.0,479299,-24.4,547,182.2,-37.5,307571,374227,375168,164400,-941,0,False,716,63.0,C,466000.0,24.0,2.0,26.0
7,Yadav Kirana Wholesale #7,07ABCDE1007F1Z7,Trading,UP - Moradabad,Rs 40L-1Cr,Marwari,1599916,91.7,1546723,1793465,1201289,0.9,1596327,-14.6,578,203.7,-31.1,1181150,1365010,1041280,552814,323730,1,True,,69.3,B,3200000.0,18.0,1.5,19.5
8,Nair Textiles #8,07ABCDE1008F1Z8,Trading,Rajasthan - Bhilwara,Rs 3-5Cr,Hindi,2713868,91.7,2943524,3280347,2216333,1.2,2861446,35.2,966,145.2,-78.4,1859154,1879366,2204413,846525,-325047,0,False,,73.0,B,5428000.0,18.0,1.5,19.5
9,Singh Plastics #9,07ABCDE1009F1Z0,Trading,Gujarat - Morbi,Rs 40L-1Cr,Marwari,3361136,100.0,3720313,4169021,2979538,0.0,3319811,-18.4,700,168.0,-65.6,2247956,2892936,2821354,1293645,71582,0,False,,68.6,B,6722000.0,18.0,1.5,19.5
10,Iyer Ceramics #10,07ABCDE1010F1Z1,Micro-Manufacturing,UP - Moradabad,Rs 3-5Cr,Gujarati,3083768,100.0,3145524,3593471,2565333,0.0,2922495,32.5,739,249.2,1.2,2297416,2751986,1914335,1096322,837651,1,False,712,84.8,A,9251000.0,14.0,1.0,15.0
11,Sharma Light Engineering #11,07ABCDE1011F1Z2,Micro-Manufacturing,Rajasthan - Bhilwara,Rs 3-5Cr,Gujarati,912691,100.0,877954,1009364,692387,0.0,853991,-37.2,797,182.5,81.5,627343,564231,478739,171258,85492,2,True,676,68.6,B,1825000.0,18.0,1.5,19.5
12,Reddy Spice Traders #12,07ABCDE1012F1Z3,Trading,Rajasthan - Bhilwara,Rs 1-3Cr,Marwari,923277,75.0,942701,1138168,747139,1.1,930687,-23.5,690,191.0,75.9,608416,608989,572002,131724,36987,0,True,795,71.0,B,1847000.0,18.0,1.5,19.5
13,Agarwal Auto Parts #13,07ABCDE1013F1Z4,Trading,Gujarat - Morbi,> Rs 5Cr,English,1291883,83.3,1296060,1612880,985619,1.9,1310862,9.0,724,157.3,37.3,914484,1032727,902920,149191,129807,0,False,,74.2,B,2584000.0,18.0,1.5,19.5
14,Desai Electricals #14,07ABCDE1014F1Z5,Trading,Rajasthan - Bhilwara,< Rs 40L,Marwari,3127044,83.3,3223186,3806000,2592910,0.8,3357877,-18.4,922,184.0,84.6,2302242,2706380,2718453,1232822,-12073,0,False,,74.5,B,6254000.0,18.0,1.5,19.5
15,Shah Food Processing #15,07ABCDE1015F1Z6,Trading,Rajasthan - Bhilwara,Rs 1-3Cr,Gujarati,214372,91.7,216793,254286,170466,0.2,217700,-17.1,532,152.3,-67.8,143501,183322,151519,64322,31803,2,False,,60.9,C,214000.0,24.0,2.0,26.0
16,Patel Kirana Wholesale #16,07ABCDE1016F1Z7,Trading,Gujarat - Morbi,Rs 3-5Cr,Gujarati,2829903,91.7,2827832,3536492,2191822,1.1,2834781,5.3,601,167.8,-11.6,2087382,2766725,2646872,533556,119853,2,True,,63.3,C,2830000.0,24.0,2.0,26.0
17,Pillai Hardware Store #17,07ABCDE1017F1Z8,Trading,Rajasthan - Bhilwara,Rs 40L-1Cr,English,528757,83.3,533120,645921,427414,1.7,553215,58.3,691,205.8,24.4,331527,375603,494754,203414,-119151,1,False,,75.1,B,1058000.0,18.0,1.5,19.5
18,Iyer Packaging Co #18,07ABCDE1018F1Z0,Micro-Manufacturing,UP - Moradabad,< Rs 40L,English,3450825,75.0,3217002,4088702,2593011,2.3,3648265,-1.1,514,125.7,84.6,2272118,2450107,2708499,912767,-258392,0,True,,66.3,B,6902000.0,18.0,1.5,19.5
19,Patel Packaging Co #19,07ABCDE1019F1Z1,Trading,Rajasthan - Bhilwara,Rs 3-5Cr,Marwari,1953844,75.0,1943411,2396968,1556461,2.4,1799901,-19.7,868,123.2,126.6,1476065,1446644,1136419,279351,310225,0,False,657,71.5,B,3908000.0,18.0,1.5,19.5
20,Patel Timber Traders #20,07ABCDE1020F1Z2,Trading,UP - Moradabad,Rs 3-5Cr,Marwari,1579821,75.0,1523156,1962489,1224173,3.0,1433553,15.7,705,196.7,-17.7,1134674,1211845,871789,167866,340056,0,True,742,72.9,B,3160000.0,18.0,1.5,19.5
21,Verma Electricals #21,07ABCDE1021F1Z3,Trading,Gujarat - Morbi,Rs 40L-1Cr,Hindi,2347658,83.3,2387269,2885533,1853061,1.1,2478303,-27.4,539,128.2,-76.5,1493828,2169063,1862460,461216,306603,0,False,,59.2,C,2348000.0,24.0,2.0,26.0
22,Singh Food Processing #22,07ABCDE1022F1Z4,Trading,Gujarat - Morbi,> Rs 5Cr,English,1189112,83.3,1197675,1411047,931022,2.0,1250438,-4.9,602,155.7,-65.0,780823,970206,989804,306742,-19598,0,True,746,64.3,C,1189000.0,24.0,2.0,26.0
23,Agarwal Kirana Wholesale #23,07ABCDE1023F1Z5,Micro-Manufacturing,Rajasthan - Bhilwara,> Rs 5Cr,Hindi,3174860,100.0,3445084,3915028,2987340,0.0,3246101,41.0,528,211.3,58.2,2305680,2309627,1728988,998211,580639,0,False,,90.2,A,9525000.0,14.0,1.0,15.0
24,Patel Spice Traders #24,07ABCDE1024F1Z6,Trading,Rajasthan - Bhilwara,Rs 40L-1Cr,Hindi,482296,100.0,458175,548894,362099,0.0,510519,-1.8,895,168.3,34.0,344934,446318,279148,160962,167170,0,True,684,81.0,A,1447000.0,14.0,1.0,15.0
25,Singh Agri Traders #25,07ABCDE1025F1Z7,Trading,Gujarat - Morbi,Rs 1-3Cr,Gujarati,3468152,91.7,3631887,4289624,2816963,0.8,3437826,-14.8,710,170.3,115.1,2303928,3192220,2794410,1338140,397810,0,True,658,74.0,B,6936000.0,18.0,1.5,19.5
26,Patel Kirana Wholesale #26,07ABCDE1026F1Z8,Micro-Manufacturing,Gujarat - Morbi,< Rs 40L,Marwari,1755807,83.3,1798136,2191567,1424519,0.9,1978835,16.0,645,157.3,-57.8,1209898,1114035,1122278,702109,-8243,1,False,797,66.2,B,3512000.0,18.0,1.5,19.5
27,Bansal Grains #27,07ABCDE1027F1Z0,Micro-Manufacturing,UP - Moradabad,Rs 1-3Cr,Hindi,2103846,91.7,2205488,2594320,1660839,0.3,2020821,-1.0,489,182.5,78.1,1466122,1323717,1108644,487843,215073,0,False,730,77.1,B,4208000.0,18.0,1.5,19.5
28,Malhotra Kirana Wholesale #28,07ABCDE1028F1Z1,Trading,Gujarat - Morbi,> Rs 5Cr,Marwari,1488469,91.7,1485213,1832815,1154013,1.1,1435229,55.6,857,163.3,-21.2,975170,1264151,1153517,206300,110634,0,False,792,79.9,B,2977000.0,18.0,1.5,19.5
29,Rathi Electricals #29,07ABCDE1029F1Z2,Trading,Rajasthan - Bhilwara,> Rs 5Cr,Gujarati,2247478,91.7,2075944,2589056,1704304,0.9,2354389,-35.5,703,139.8,608.1,1539252,2009998,1186728,317849,823270,0,False,784,70.9,B,4495000.0,18.0,1.5,19.5
30,Agarwal Steel Traders #30,07ABCDE1030F1Z3,Micro-Manufacturing,Rajasthan - Bhilwara,Rs 1-3Cr,Hindi,2441235,100.0,2454616,3018477,1979687,0.0,2509687,-30.4,732,203.8,63.8,1397807,2217389,1226309,647185,991080,2,False,771,72.9,B,4882000.0,18.0,1.5,19.5
31,Bansal Light Engineering #31,07ABCDE1031F1Z4,Trading,Rajasthan - Bhilwara,Rs 1-3Cr,English,3374266,91.7,3489933,4213060,2681631,1.6,3376352,-42.6,729,189.7,-33.1,2485514,2668982,3108108,344340,-439126,0,False,,56.1,C,3374000.0,24.0,2.0,26.0
32,Patel Textiles #32,07ABCDE1032F1Z5,Micro-Manufacturing,Rajasthan - Bhilwara,< Rs 40L,Hindi,410568,100.0,441177,504456,340713,0.0,354219,-24.5,714,168.2,-37.5,277663,356827,262220,43738,94607,0,False,,69.2,B,821000.0,18.0,1.5,19.5
33,Bansal Electricals #33,07ABCDE1033F1Z6,Trading,Rajasthan - Bhilwara,Rs 40L-1Cr,English,439487,91.7,434323,546312,355684,1.5,411665,-26.4,737,57.3,382.8,277602,396309,373224,62425,23085,3,False,797,56.4,C,439000.0,24.0,2.0,26.0
34,Mehta Metal Works #34,07ABCDE1034F1Z7,Micro-Manufacturing,Rajasthan - Bhilwara,Rs 3-5Cr,Marwari,1884597,91.7,1960328,2300703,1696609,1.6,1736695,-29.3,630,103.5,187.8,1398966,1219195,1790004,459231,-570809,0,True,,63.0,C,1885000.0,24.0,2.0,26.0
35,Sharma Packaging Co #35,07ABCDE1035F1Z8,Micro-Manufacturing,Gujarat - Morbi,Rs 1-3Cr,Hindi,2388290,83.3,2462064,2907454,2164891,2.2,2283647,18.7,816,139.7,13.3,1520987,2069935,1856737,585038,213198,0,False,653,77.4,B,4777000.0,18.0,1.5,19.5
36,Patel Packaging Co #36,07ABCDE1036F1Z0,Micro-Manufacturing,UP - Moradabad,< Rs 40L,Marwari,2256446,58.3,2289165,2626573,1797823,2.9,2322054,2.2,593,172.8,-41.8,1494802,1570912,1975727,489077,-404815,2,False,685,50.9,C,2256000.0,24.0,2.0,26.0
37,Singh Fertilizer Depot #37,07ABCDE1037F1Z1,Micro-Manufacturing,Rajasthan - Bhilwara,Rs 3-5Cr,English,1123682,91.7,1094564,1400436,859406,1.7,972785,12.9,736,131.7,-4.4,785743,1000006,844774,447022,155232,0,False,693,76.2,B,2247000.0,18.0,1.5,19.5
38,Reddy Cloth House #38,07ABCDE1038F1Z2,Micro-Manufacturing,Gujarat - Morbi,Rs 40L-1Cr,Marwari,415361,91.7,410430,508252,339659,1.1,462196,33.9,865,173.8,-38.2,296857,297619,337180,143586,-39561,1,False,,71.7,B,831000.0,18.0,1.5,19.5
39,Verma Hardware Store #39,07ABCDE1039F1Z3,Micro-Manufacturing,Gujarat - Morbi,< Rs 40L,English,3459627,100.0,3561935,4267123,2658317,0.0,3144223,-32.9,662,162.3,-53.0,2298562,2557771,1881796,1095311,675975,0,False,,69.2,B,6919000.0,18.0,1.5,19.5
40,Jain Plastics #40,07ABCDE1040F1Z4,Micro-Manufacturing,UP - Moradabad,Rs 40L-1Cr,Gujarati,3255838,91.7,3147744,4002178,2489401,0.3,3189083,39.3,934,166.8,42.2,2184369,2504441,2340952,850469,163489,2,True,,79.8,B,6512000.0,18.0,1.5,19.5
41,Yadav Textiles #41,07ABCDE1041F1Z5,Micro-Manufacturing,Gujarat - Morbi,Rs 1-3Cr,English,2041635,100.0,2024000,2502883,1564601,0.0,2102590,-27.0,760,115.2,-17.9,1512350,1827355,1653949,731547,173406,0,False,702,69.2,B,4083000.0,18.0,1.5,19.5
42,Verma Spice Traders #42,07ABCDE1042F1Z6,Trading,UP - Moradabad,Rs 40L-1Cr,Marwari,1507501,100.0,1533564,1868547,1175312,0.0,1480948,63.9,601,237.8,-34.9,1086787,1252994,1137807,370244,115187,0,True,,81.6,A,4523000.0,14.0,1.0,15.0
43,Verma Kirana Wholesale #43,07ABCDE1043F1Z7,Trading,Gujarat - Morbi,Rs 3-5Cr,Gujarati,2064775,100.0,1876118,2481653,1549279,0.0,1932481,-32.0,743,92.3,43.8,1336719,1835528,1615967,300243,219561,0,True,672,66.5,B,4130000.0,18.0,1.5,19.5
44,Shah Electricals #44,07ABCDE1044F1Z8,Micro-Manufacturing,Gujarat - Morbi,< Rs 40L,Gujarati,1950986,91.7,1846442,2317602,1489406,1.5,1849069,0.4,568,144.0,125.0,1469851,1590174,1109537,244027,480637,0,True,689,73.4,B,3902000.0,18.0,1.5,19.5
45,Mehta Electricals #45,07ABCDE1045F1Z0,Trading,Rajasthan - Bhilwara,Rs 1-3Cr,Gujarati,3080459,91.7,3252800,3778207,2494313,1.7,2858627,69.4,746,154.3,25.4,1928588,2982163,1788306,1195534,1193857,0,True,757,88.9,A,9241000.0,14.0,1.0,15.0
46,Verma Packaging Co #46,07ABCDE1046F1Z1,Trading,Gujarat - Morbi,Rs 3-5Cr,Hindi,476682,91.7,474101,591422,359410,0.2,512727,36.4,410,151.8,-61.8,343440,330144,419707,106737,-89563,2,False,798,59.4,C,477000.0,24.0,2.0,26.0
47,Desai Fertilizer Depot #47,07ABCDE1047F1Z2,Trading,UP - Moradabad,< Rs 40L,English,2632590,75.0,2558094,3243638,2117882,2.3,2758728,-14.9,701,133.2,-40.3,1794697,1644493,2241471,438817,-596978,0,False,671,56.1,C,2633000.0,24.0,2.0,26.0
48,Mehta Fertilizer Depot #48,07ABCDE1048F1Z3,Trading,UP - Moradabad,> Rs 5Cr,Marwari,2859465,91.7,2929178,3443230,2216997,1.2,2850139,31.2,728,168.7,-16.8,1995062,2849778,2110984,943774,738794,3,True,,73.6,B,5719000.0,18.0,1.5,19.5
49,Desai Food Processing #49,07ABCDE1049F1Z4,Micro-Manufacturing,Rajasthan - Bhilwara,Rs 1-3Cr,English,1638158,91.7,1611890,2005407,1229178,1.7,1618736,41.9,588,178.7,365.5,1220783,1097043,1533208,504664,-436165,2,True,,70.7,B,3276000.0,18.0,1.5,19.5
50,Pillai Plastics #50,07ABCDE1050F1Z5,Trading,Rajasthan - Bhilwara,Rs 40L-1Cr,Marwari,895362,83.3,973408,1116643,686018,1.7,974148,-12.3,679,125.0,-72.2,589793,598139,598957,286153,-818,0,True,,62.7,C,895000.0,24.0,2.0,26.0
51,Mehta Plastics #51,07ABCDE1051F1Z6,Micro-Manufacturing,UP - Moradabad,Rs 3-5Cr,Hindi,808941,75.0,793639,1000821,628367,2.7,697783,-0.4,882,147.7,-13.3,605879,757426,702389,182488,55037,0,True,,68.9,B,1618000.0,18.0,1.5,19.5
52,Agarwal Fertilizer Depot #52,07ABCDE1052F1Z7,Micro-Manufacturing,UP - Moradabad,Rs 1-3Cr,Gujarati,2255966,91.7,2283593,2816877,1767562,0.2,2293303,45.0,573,201.3,-3.0,1600363,1911475,1819133,497476,92342,0,True,662,76.7,B,4512000.0,18.0,1.5,19.5
53,Desai Steel Traders #53,07ABCDE1053F1Z8,Trading,Gujarat - Morbi,Rs 40L-1Cr,English,1454215,91.7,1408805,1721200,1188373,0.7,1470938,-29.6,557,202.2,-28.3,975225,1359780,896373,507900,463407,0,False,,69.7,B,2908000.0,18.0,1.5,19.5
54,Mehta Metal Works #54,07ABCDE1054F1Z0,Micro-Manufacturing,Gujarat - Morbi,Rs 1-3Cr,Gujarati,1278618,91.7,1326724,1511729,1043553,1.0,1386985,5.5,700,167.0,30.8,1008898,974101,1063208,351501,-89107,3,True,,65.6,B,2557000.0,18.0,1.5,19.5
55,Sharma Textiles #55,07ABCDE1055F1Z1,Trading,Gujarat - Morbi,Rs 1-3Cr,Hindi,862975,75.0,906592,1055816,725389,1.2,751436,-21.4,758,97.8,64.5,551207,781361,465677,245381,315684,0,False,748,73.1,B,1726000.0,18.0,1.5,19.5
56,Pillai Kirana Wholesale #56,07ABCDE1056F1Z2,Micro-Manufacturing,UP - Moradabad,> Rs 5Cr,Hindi,1501459,83.3,1510898,1837849,1139544,2.1,1340332,-1.8,437,134.8,-49.0,985768,992841,1220440,434061,-227599,0,True,719,56.2,C,1501000.0,24.0,2.0,26.0
57,Rathi Plastics #57,07ABCDE1057F1Z3,Micro-Manufacturing,Gujarat - Morbi,Rs 40L-1Cr,Hindi,1335758,75.0,1304633,1609826,1010333,2.3,1266421,-1.9,573,118.2,129.0,996163,851118,1157746,206856,-306628,0,True,,61.5,C,1336000.0,24.0,2.0,26.0
58,Desai Spice Traders #58,07ABCDE1058F1Z4,Trading,Rajasthan - Bhilwara,Rs 3-5Cr,Gujarati,705793,91.7,707584,842573,533706,0.5,725839,-30.4,609,158.2,630.8,511299,437690,423629,206793,14061,0,False,,69.9,B,1412000.0,18.0,1.5,19.5
59,Desai Packaging Co #59,07ABCDE1059F1Z5,Trading,Rajasthan - Bhilwara,< Rs 40L,Hindi,647892,100.0,670047,803603,491675,0.0,652815,63.2,757,142.2,-17.4,445139,400786,508568,195431,-107782,0,True,,76.6,B,1296000.0,18.0,1.5,19.5
60,Reddy Fertilizer Depot #60,07ABCDE1060F1Z6,Trading,UP - Moradabad,Rs 1-3Cr,English,2470399,100.0,2647655,3062678,2011376,0.0,2759969,12.2,638,237.3,-14.7,1825394,1998780,1263294,354744,735486,0,False,691,78.4,B,4941000.0,18.0,1.5,19.5
61,Desai Metal Works #61,07ABCDE1061F1Z7,Micro-Manufacturing,UP - Moradabad,Rs 1-3Cr,English,3310802,83.3,3414442,4098479,2819292,1.8,3384089,-2.8,554,164.2,-64.8,1971737,3216282,2544669,1099511,671613,0,True,,69.0,B,6622000.0,18.0,1.5,19.5
62,Singh Hardware Store #62,07ABCDE1062F1Z8,Micro-Manufacturing,Gujarat - Morbi,Rs 1-3Cr,Hindi,921202,100.0,913092,1128614,709269,0.0,833513,-5.5,667,161.2,28.6,652572,628473,804151,334940,-175678,1,False,668,66.4,B,1842000.0,18.0,1.5,19.5
63,Verma Food Processing #63,07ABCDE1063F1Z0,Trading,Gujarat - Morbi,Rs 3-5Cr,Hindi,517089,83.3,482864,627407,399584,2.3,542276,-26.4,646,103.2,657.7,337936,497569,456670,73807,40899,0,True,,64.2,C,517000.0,24.0,2.0,26.0
64,Mehta Light Engineering #64,07ABCDE1064F1Z1,Trading,Rajasthan - Bhilwara,> Rs 5Cr,Hindi,1369085,83.3,1398444,1678183,1161954,1.2,1394708,31.6,638,128.8,-56.4,1073508,1123522,1019367,547111,104155,0,True,,73.3,B,2738000.0,18.0,1.5,19.5
65,Chaudhary Steel Traders #65,07ABCDE1065F1Z2,Trading,UP - Moradabad,Rs 40L-1Cr,Gujarati,1814237,83.3,1806748,2129897,1523183,1.7,1951292,-24.6,646,168.0,-5.3,1378516,1438406,1400400,454559,38006,0,False,,66.5,B,3628000.0,18.0,1.5,19.5
66,Kapoor Auto Parts #66,07ABCDE1066F1Z3,Trading,Rajasthan - Bhilwara,Rs 40L-1Cr,Hindi,2675056,91.7,2656396,3240090,2157885,0.7,2892237,-6.7,742,175.7,-1.1,1771888,2489422,2066427,409889,422995,2,True,786,68.8,B,5350000.0,18.0,1.5,19.5
67,Jain Auto Parts #67,07ABCDE1067F1Z4,Trading,Gujarat - Morbi,Rs 3-5Cr,Gujarati,3400042,100.0,3537482,4145367,2559329,0.0,3062178,21.7,693,228.7,-14.4,2363960,3092942,2309167,480835,783775,2,False,,74.2,B,6800000.0,18.0,1.5,19.5
68,Rathi Hardware Store #68,07ABCDE1068F1Z5,Micro-Manufacturing,UP - Moradabad,Rs 3-5Cr,Hindi,2459284,83.3,2316059,2856772,1857632,0.9,2604835,2.1,542,182.2,2.5,1835625,2025578,1874760,502290,150818,1,False,766,66.9,B,4919000.0,18.0,1.5,19.5
69,Patel Plastics #69,07ABCDE1069F1Z6,Trading,Gujarat - Morbi,< Rs 40L,Marwari,2493067,91.7,2659003,3062370,1960031,0.3,2331742,-21.3,573,155.5,-45.5,1744744,1702045,1474013,436058,228032,0,False,,65.1,B,4986000.0,18.0,1.5,19.5
70,Sharma Food Processing #70,07ABCDE1070F1Z7,Micro-Manufacturing,Rajasthan - Bhilwara,Rs 40L-1Cr,Gujarati,1706911,91.7,1808732,2121145,1290271,1.2,1654217,-12.3,887,179.8,-33.2,1199950,1403313,1511194,271089,-107881,1,True,,62.7,C,1707000.0,24.0,2.0,26.0
71,Iyer Timber Traders #71,07ABCDE1071F1Z8,Trading,UP - Moradabad,< Rs 40L,English,3443925,83.3,3554484,4187545,2617099,1.1,3943697,10.6,921,175.2,-33.5,2421286,2611122,3097677,1151277,-486555,2,True,,62.9,C,3444000.0,24.0,2.0,26.0
72,Sharma Plastics #72,07ABCDE1072F1Z0,Micro-Manufacturing,Rajasthan - Bhilwara,< Rs 40L,Marwari,3202498,83.3,2921544,3593003,2536876,2.1,3781661,-13.3,775,224.2,-4.5,2174956,2310375,1601382,1103625,708993,1,False,,72.5,B,6405000.0,18.0,1.5,19.5
73,Rathi Agri Traders #73,07ABCDE1073F1Z1,Micro-Manufacturing,UP - Moradabad,Rs 40L-1Cr,Gujarati,3496906,100.0,3520717,4114952,2635299,0.0,3193946,-7.1,615,174.0,67.3,2447434,2746727,2993845,696145,-247118,1,True,,69.8,B,6994000.0,18.0,1.5,19.5
74,Yadav Hardware Store #74,07ABCDE1074F1Z2,Micro-Manufacturing,Rajasthan - Bhilwara,Rs 40L-1Cr,Gujarati,1750451,66.7,1861270,2089618,1503452,4.5,1714225,24.4,560,127.3,-53.1,1261070,1604439,974340,297230,630099,3,True,762,58.8,C,1750000.0,24.0,2.0,26.0
75,Yadav Plastics #75,07ABCDE1075F1Z3,Trading,Rajasthan - Bhilwara,< Rs 40L,Gujarati,315626,91.7,294751,381035,239673,1.4,309610,-32.3,747,114.3,409.3,213288,255760,257421,55796,-1661,0,True,,66.9,B,631000.0,18.0,1.5,19.5
76,Singh Light Engineering #76,07ABCDE1076F1Z4,Trading,Rajasthan - Bhilwara,Rs 40L-1Cr,English,2490505,83.3,2578058,3064051,1940477,1.2,2537047,14.6,732,215.2,-19.3,1845886,1944988,2320953,249196,-375965,0,False,,66.7,B,4981000.0,18.0,1.5,19.5
77,Iyer Packaging Co #77,07ABCDE1077F1Z5,Trading,UP - Moradabad,Rs 3-5Cr,Gujarati,1470805,91.7,1457825,1784029,1119062,1.1,1441426,-23.7,696,163.0,23.5,1056715,1200135,834403,368760,365732,0,False,750,73.8,B,2942000.0,18.0,1.5,19.5
78,Yadav Metal Works #78,07ABCDE1078F1Z6,Trading,UP - Moradabad,> Rs 5Cr,Gujarati,3448267,100.0,3078186,3920378,2671219,0.0,3651158,12.6,753,99.5,123.3,2299778,3200176,1745443,1062544,1454733,0,False,,83.6,A,10345000.0,14.0,1.0,15.0
79,Singh Electricals #79,07ABCDE1079F1Z7,Micro-Manufacturing,Gujarat - Morbi,Rs 40L-1Cr,Hindi,2451834,83.3,2320688,2902248,1861418,1.3,2682349,-43.7,661,165.2,-72.8,1553082,2332848,2208320,844552,124528,0,True,,59.7,C,2452000.0,24.0,2.0,26.0
80,Malhotra Food Processing #80,07ABCDE1080F1Z8,Micro-Manufacturing,Rajasthan - Bhilwara,Rs 3-5Cr,English,3211379,100.0,3176472,4007296,2631045,0.0,3448191,2.1,702,155.0,-43.7,2083650,2223446,1643384,397705,580062,1,False,770,70.1,B,6423000.0,18.0,1.5,19.5
81,Kapoor Auto Parts #81,07ABCDE1081F1Z0,Trading,Gujarat - Morbi,> Rs 5Cr,English,836969,91.7,847519,1015006,701831,0.1,920593,18.9,564,180.8,8.2,565426,809862,678345,310601,131517,0,True,,78.9,B,1674000.0,18.0,1.5,19.5
82,Shah Fertilizer Depot #82,07ABCDE1082F1Z1,Trading,UP - Moradabad,Rs 40L-1Cr,English,1798641,75.0,1859129,2169388,1460086,2.8,1697729,-20.3,587,199.3,237.0,1236868,1502845,1284356,401178,218489,0,True,,70.9,B,3597000.0,18.0,1.5,19.5
83,Verma Hardware Store #83,07ABCDE1083F1Z2,Micro-Manufacturing,Gujarat - Morbi,< Rs 40L,English,380954,91.7,354569,412763,295054,0.2,387870,3.6,635,230.2,-5.5,288122,324855,274906,58656,49949,0,True,650,71.1,B,762000.0,18.0,1.5,19.5
84,Gupta Fertilizer Depot #84,07ABCDE1084F1Z3,Micro-Manufacturing,UP - Moradabad,Rs 3-5Cr,English,2730788,83.3,2769351,3412101,2140713,1.0,3048607,5.1,792,171.2,-27.8,1753273,2558645,2067047,592225,491598,0,True,730,73.0,B,5462000.0,18.0,1.5,19.5
85,Reddy Cloth House #85,07ABCDE1085F1Z4,Trading,UP - Moradabad,Rs 1-3Cr,Gujarati,1708534,83.3,1656403,2054474,1365333,2.4,1514385,-36.8,463,183.5,25.8,1066296,1680034,1284529,223326,395505,0,False,,63.9,C,1709000.0,24.0,2.0,26.0
86,Nair Cloth House #86,07ABCDE1086F1Z5,Trading,Gujarat - Morbi,Rs 40L-1Cr,Marwari,2417344,75.0,2383719,2890268,1930567,3.7,2405858,-1.1,682,144.8,322.2,1718922,2220821,1563154,712718,657667,1,False,,72.9,B,4835000.0,18.0,1.5,19.5
87,Shah Grains #87,07ABCDE1087F1Z6,Trading,Rajasthan - Bhilwara,< Rs 40L,English,1759842,83.3,1875545,2182384,1378009,2.0,1799047,-14.1,521,156.5,-79.3,1319115,1415211,1551189,626066,-135978,0,True,650,56.5,C,1760000.0,24.0,2.0,26.0
88,Pillai Agri Traders #88,07ABCDE1088F1Z7,Trading,Rajasthan - Bhilwara,< Rs 40L,Gujarati,1960746,91.7,1934017,2376896,1540897,1.3,1994986,-15.3,764,169.3,-78.0,1405341,1749999,1848219,774691,-98220,1,False,,62.6,C,1961000.0,24.0,2.0,26.0
89,Desai Grains #89,07ABCDE1089F1Z8,Trading,Gujarat - Morbi,Rs 1-3Cr,Hindi,2721272,75.0,2800081,3347955,2112760,4.3,2627623,-9.5,644,154.3,-10.0,2090919,2452150,1866320,584937,585830,0,True,,67.5,B,5443000.0,18.0,1.5,19.5
90,Patel Kirana Wholesale #90,07ABCDE1090F1Z0,Micro-Manufacturing,Gujarat - Morbi,> Rs 5Cr,English,370298,91.7,357840,438854,295750,1.2,388257,-24.8,584,131.3,52.0,233879,235797,341536,109971,-105739,1,True,680,59.2,C,370000.0,24.0,2.0,26.0
91,Mehta Hardware Store #91,07ABCDE1091F1Z1,Micro-Manufacturing,Gujarat - Morbi,Rs 3-5Cr,Hindi,614917,100.0,594115,738943,479653,0.0,574154,-25.4,581,161.7,-91.2,421708,600137,443235,141933,156902,1,True,788,66.2,B,1230000.0,18.0,1.5,19.5
92,Pillai Textiles #92,07ABCDE1092F1Z2,Trading,Gujarat - Morbi,Rs 40L-1Cr,Hindi,2529193,91.7,2538181,2976028,1966693,1.0,2656565,77.4,525,163.3,656.4,1761498,2103626,2317163,280900,-213537,0,True,,77.6,B,5058000.0,18.0,1.5,19.5
93,Pillai Food Processing #93,07ABCDE1093F1Z3,Micro-Manufacturing,Gujarat - Morbi,< Rs 40L,Gujarati,872464,83.3,867091,1075177,674234,3.0,724388,5.7,803,147.5,161.4,557858,595425,687433,224158,-92008,0,True,659,69.4,B,1745000.0,18.0,1.5,19.5
94,Pillai Spice Traders #94,07ABCDE1094F1Z4,Trading,Rajasthan - Bhilwara,Rs 1-3Cr,English,1609003,83.3,1614798,1992582,1249446,1.4,1528809,-35.7,372,166.0,-6.5,1091437,1207094,964272,388247,242822,0,True,,63.2,C,1609000.0,24.0,2.0,26.0
95,Patel Hardware Store #95,07ABCDE1095F1Z5,Micro-Manufacturing,Gujarat - Morbi,Rs 1-3Cr,English,2069901,100.0,2133585,2562077,1614162,0.0,2141921,18.3,739,175.8,-38.5,1439951,1865459,1680598,459487,184861,0,False,,75.5,B,4140000.0,18.0,1.5,19.5
96,Shah Metal Works #96,07ABCDE1096F1Z6,Micro-Manufacturing,Rajasthan - Bhilwara,> Rs 5Cr,Gujarati,3099872,91.7,3215352,3675753,2645967,0.2,3332191,-17.7,688,152.3,72.5,2342566,2384333,1625904,656689,758429,0,False,770,78.0,B,6200000.0,18.0,1.5,19.5
97,Jain Cloth House #97,07ABCDE1097F1Z7,Trading,UP - Moradabad,Rs 1-3Cr,English,2974052,75.0,2884943,3672321,2344961,3.1,3195556,3.2,794,120.7,-1.9,2134607,1975710,2203452,460038,-227742,0,True,689,61.9,C,2974000.0,24.0,2.0,26.0
98,Pillai Packaging Co #98,07ABCDE1098F1Z8,Trading,Gujarat - Morbi,Rs 1-3Cr,Marwari,1999220,91.7,2103093,2477056,1524330,0.9,2061472,-31.7,580,112.5,-52.6,1382284,1555759,1603776,252327,-48017,0,False,,55.4,C,1999000.0,24.0,2.0,26.0
99,Jain Plastics #99,07ABCDE1099F1Z0,Trading,UP - Moradabad,< Rs 40L,Gujarati,770530,83.3,811346,958686,633236,2.2,742929,-22.3,846,139.3,-87.0,543680,554833,607370,224199,-52537,0,True,,61.8,C,771000.0,24.0,2.0,26.0
100,Nair Spice Traders #100,07ABCDE1100F1Z1,Trading,UP - Moradabad,Rs 40L-1Cr,Hindi,2218002,75.0,2208854,2766217,1796119,2.9,2221618,-24.9,724,160.7,24.5,1420588,1826440,1797344,855591,29096,1,True,679,62.0,C,2218000.0,24.0,2.0,26.0
101,Shah Hardware Store #101,07ABCDE1101F1Z2,Trading,UP - Moradabad,> Rs 5Cr,Marwari,2161245,83.3,2200076,2688136,1666878,1.5,2116478,-0.3,670,154.5,25.2,1563024,1355824,1877719,710991,-521895,0,True,693,64.6,C,2161000.0,24.0,2.0,26.0
102,Desai Fertilizer Depot #102,07ABCDE1102F1Z3,Micro-Manufacturing,Rajasthan - Bhilwara,Rs 3-5Cr,Marwari,1687057,91.7,1751931,2093048,1334671,1.0,1734502,16.8,910,138.0,-50.2,1089532,1413727,1595614,230837,-181887,1,True,,64.1,C,1687000.0,24.0,2.0,26.0
103,Gupta Ceramics #103,07ABCDE1103F1Z4,Micro-Manufacturing,Rajasthan - Bhilwara,> Rs 5Cr,Marwari,2182278,91.7,2219216,2665001,1665895,0.2,2440181,-4.8,477,128.7,-30.6,1571475,1737576,1634968,571359,102608,0,True,,66.8,B,4365000.0,18.0,1.5,19.5
104,Reddy Ceramics #104,07ABCDE1104F1Z5,Trading,Gujarat - Morbi,< Rs 40L,Hindi,2737632,75.0,2507178,3411014,2080206,3.1,2623661,-8.5,872,213.5,-10.0,1730037,2338424,2568852,335623,-230428,2,False,,57.0,C,2738000.0,24.0,2.0,26.0
105,Nair Textiles #105,07ABCDE1105F1Z6,Trading,UP - Moradabad,Rs 1-3Cr,English,2632460,91.7,2606955,3109869,1998831,1.4,2856509,-4.4,767,153.8,-23.4,1930437,1699051,1543575,457195,155476,1,False,761,68.1,B,5265000.0,18.0,1.5,19.5
106,Malhotra Plastics #106,07ABCDE1106F1Z7,Micro-Manufacturing,Rajasthan - Bhilwara,< Rs 40L,Hindi,272229,91.7,279666,326235,212826,0.2,283593,1.6,628,146.5,-10.5,188482,175637,202969,66003,-27332,0,False,687,67.6,B,544000.0,18.0,1.5,19.5
107,Desai Agri Traders #107,07ABCDE1107F1Z8,Trading,UP - Moradabad,Rs 40L-1Cr,English,3251476,100.0,3298642,4028567,2585330,0.0,3707349,4.8,838,202.3,-54.4,2371698,2189855,2274512,950502,-84657,0,False,,73.0,B,6503000.0,18.0,1.5,19.5
108,Chaudhary Cloth House #108,07ABCDE1108F1Z0,Micro-Manufacturing,UP - Moradabad,Rs 1-3Cr,Marwari,2641484,100.0,2872930,3233320,2242971,0.0,2349223,45.3,844,199.3,-52.2,1819214,1883871,2125694,595652,-241823,0,False,,79.3,B,5283000.0,18.0,1.5,19.5
109,Shah Spice Traders #109,07ABCDE1109F1Z1,Trading,UP - Moradabad,Rs 40L-1Cr,Hindi,509614,83.3,504113,588566,384840,1.6,534613,-12.1,836,152.3,66.7,337957,461009,315293,98815,145716,2,False,688,70.5,B,1019000.0,18.0,1.5,19.5
110,Reddy Electricals #110,07ABCDE1110F1Z2,Trading,Gujarat - Morbi,< Rs 40L,Marwari,1114105,83.3,1077790,1386402,900210,1.2,1069147,26.6,588,128.5,620.0,738268,994470,925201,431404,69269,0,False,,77.8,B,2228000.0,18.0,1.5,19.5
111,Verma Packaging Co #111,07ABCDE1111F1Z3,Micro-Manufacturing,Rajasthan - Bhilwara,< Rs 40L,Marwari,538187,100.0,551659,663328,427640,0.0,536275,23.7,840,214.0,-14.0,379108,387582,329313,122878,58269,0,True,781,84.6,A,1615000.0,14.0,1.0,15.0
112,Agarwal Timber Traders #112,07ABCDE1112F1Z4,Trading,UP - Moradabad,Rs 40L-1Cr,English,2921827,66.7,2936235,3532652,2453680,4.8,2998478,53.6,819,94.3,11.8,2032214,2262415,2284069,984665,-21654,0,False,,75.2,B,5844000.0,18.0,1.5,19.5
113,Jain Steel Traders #113,07ABCDE1113F1Z5,Micro-Manufacturing,Gujarat - Morbi,< Rs 40L,Marwari,3248672,91.7,3369907,4027519,2519218,1.2,3315191,-4.7,765,162.7,738.7,2166480,2330459,2664311,1260293,-333852,1,True,770,72.2,B,6497000.0,18.0,1.5,19.5
114,Mehta Plastics #114,07ABCDE1114F1Z6,Micro-Manufacturing,Rajasthan - Bhilwara,> Rs 5Cr,English,691470,83.3,658423,864082,560328,2.2,789959,38.8,473,180.3,-74.6,460710,515487,600626,94658,-85139,0,True,651,61.8,C,691000.0,24.0,2.0,26.0
115,Bansal Ceramics #115,07ABCDE1115F1Z7,Trading,Gujarat - Morbi,> Rs 5Cr,Gujarati,507496,100.0,502793,622149,398278,0.0,569114,18.0,667,207.7,25.4,374671,484694,432236,112335,52458,0,False,,80.6,A,1522000.0,14.0,1.0,15.0
116,Nair Spice Traders #116,07ABCDE1116F1Z8,Micro-Manufacturing,Gujarat - Morbi,Rs 3-5Cr,English,1046467,83.3,1043130,1301258,787578,1.7,1071700,13.8,648,184.8,-76.3,697034,848163,800241,267564,47922,0,False,,70.0,B,2093000.0,18.0,1.5,19.5
117,Rathi Cloth House #117,07ABCDE1117F1Z0,Micro-Manufacturing,Rajasthan - Bhilwara,> Rs 5Cr,Hindi,755431,100.0,686235,828885,577140,0.0,677927,-36.7,772,205.2,19.2,582244,683416,604533,109306,78883,1,False,754,68.1,B,1511000.0,18.0,1.5,19.5
118,Singh Timber Traders #118,07ABCDE1118F1Z1,Micro-Manufacturing,Rajasthan - Bhilwara,Rs 3-5Cr,Hindi,2962045,100.0,3069754,3608040,2249634,0.0,2659342,12.0,604,162.7,6.0,1959022,1847029,2762123,457450,-915094,1,False,,65.6,B,5924000.0,18.0,1.5,19.5
119,Chaudhary Timber Traders #119,07ABCDE1119F1Z2,Trading,Gujarat - Morbi,> Rs 5Cr,Gujarati,367592,75.0,369246,452776,296845,2.8,395976,18.2,820,176.2,1242.9,258262,244289,272143,44471,-27854,0,True,792,74.6,B,735000.0,18.0,1.5,19.5
120,Yadav Ceramics #120,07ABCDE1120F1Z3,Trading,Rajasthan - Bhilwara,> Rs 5Cr,Marwari,3010938,83.3,3214544,3733021,2264645,0.6,3274633,-37.3,802,154.2,12.6,2128223,2401293,1997304,554695,403989,2,True,,62.1,C,3011000.0,24.0,2.0,26.0
121,Nair Hardware Store #121,07ABCDE1121F1Z4,Micro-Manufacturing,Rajasthan - Bhilwara,Rs 40L-1Cr,Hindi,865032,91.7,885723,1052555,649619,0.4,863875,-39.9,793,151.3,-19.1,654463,836311,509153,171940,327158,0,True,,67.7,B,1730000.0,18.0,1.5,19.5
122,Singh Light Engineering #122,07ABCDE1122F1Z5,Micro-Manufacturing,Gujarat - Morbi,Rs 1-3Cr,Gujarati,2136323,75.0,2211184,2581441,1660385,1.6,2097872,-2.7,528,108.8,-66.4,1545988,1500797,1472894,678040,27903,0,False,665,61.0,C,2136000.0,24.0,2.0,26.0
123,Sharma Steel Traders #123,07ABCDE1123F1Z6,Trading,Rajasthan - Bhilwara,Rs 40L-1Cr,English,2598072,83.3,2608291,3224107,1959052,2.0,2620875,-23.3,474,122.8,-59.4,1825599,2135294,1465522,603070,669772,0,True,,61.0,C,2598000.0,24.0,2.0,26.0
124,Malhotra Packaging Co #124,07ABCDE1124F1Z7,Micro-Manufacturing,Gujarat - Morbi,Rs 3-5Cr,Marwari,1248902,83.3,1327473,1559688,950097,0.8,1379840,44.2,748,162.2,-63.3,878879,943228,1120377,406318,-177149,0,False,,72.0,B,2498000.0,18.0,1.5,19.5
125,Shah Fertilizer Depot #125,07ABCDE1125F1Z8,Trading,Rajasthan - Bhilwara,Rs 1-3Cr,Gujarati,1275480,91.7,1231255,1493862,1010664,1.4,1170405,-25.9,571,158.8,-57.2,864484,892848,1065465,421603,-172617,1,False,685,55.2,C,1275000.0,24.0,2.0,26.0
126,Reddy Agri Traders #126,07ABCDE1126F1Z0,Trading,UP - Moradabad,> Rs 5Cr,English,3434677,100.0,3569454,4287923,2596428,0.0,3365469,-21.2,609,144.8,-25.3,2705372,2341356,2321107,894208,20249,0,False,765,66.2,B,6869000.0,18.0,1.5,19.5
127,Jain Timber Traders #127,07ABCDE1127F1Z1,Micro-Manufacturing,Rajasthan - Bhilwara,Rs 40L-1Cr,Hindi,284465,83.3,275030,342971,217166,2.4,308317,17.8,792,154.8,379.2,209385,266559,243660,61821,22899,1,True,,75.1,B,569000.0,18.0,1.5,19.5
128,Yadav Spice Traders #128,07ABCDE1128F1Z2,Trading,Gujarat - Morbi,> Rs 5Cr,Hindi,1800673,75.0,1809084,2246624,1416405,0.9,1672389,-34.7,530,147.8,-9.8,1224536,1563986,909420,327678,654566,0,False,786,62.4,C,1801000.0,24.0,2.0,26.0
129,Rathi Kirana Wholesale #129,07ABCDE1129F1Z3,Micro-Manufacturing,UP - Moradabad,Rs 1-3Cr,Marwari,1788372,83.3,1760568,2225888,1422995,2.0,1641631,-34.2,602,183.7,-71.4,1254329,1639049,1636361,484222,2688,0,False,,59.2,C,1788000.0,24.0,2.0,26.0
130,Yadav Kirana Wholesale #130,07ABCDE1130F1Z4,Trading,UP - Moradabad,> Rs 5Cr,English,433172,91.7,446462,538985,375258,1.0,473088,-1.5,640,183.2,-41.8,293681,260950,386146,52411,-125196,0,True,,62.1,C,433000.0,24.0,2.0,26.0
131,Reddy Agri Traders #131,07ABCDE1131F1Z5,Micro-Manufacturing,UP - Moradabad,< Rs 40L,Marwari,1141156,100.0,1099049,1203573,944807,0.0,1129436,-7.6,647,180.0,30.0,740854,855528,778325,256470,77203,0,True,,77.5,B,2282000.0,18.0,1.5,19.5
132,Sharma Food Processing #132,07ABCDE1132F1Z6,Micro-Manufacturing,UP - Moradabad,< Rs 40L,Hindi,2522334,83.3,2626400,3098809,2096516,2.1,2621920,1.7,465,202.3,-72.4,1742061,2091127,2166408,868359,-75281,0,False,728,64.6,C,2522000.0,24.0,2.0,26.0
133,Pillai Textiles #133,07ABCDE1133F1Z7,Micro-Manufacturing,Rajasthan - Bhilwara,< Rs 40L,Hindi,3395316,83.3,3319722,4215195,2681976,0.8,3127399,26.9,488,172.5,242.9,2512357,2963241,2221843,660616,741398,0,False,,79.7,B,6791000.0,18.0,1.5,19.5
134,Sharma Food Processing #134,07ABCDE1134F1Z8,Micro-Manufacturing,Rajasthan - Bhilwara,Rs 1-3Cr,English,2066458,91.7,2065630,2449312,1567026,0.9,2305968,14.5,696,195.5,621.6,1474373,1439000,1230035,673615,208965,0,False,,82.4,A,6199000.0,14.0,1.0,15.0
135,Gupta Electricals #135,07ABCDE1135F1Z0,Micro-Manufacturing,Gujarat - Morbi,< Rs 40L,Gujarati,3166438,83.3,3283029,3795784,2557991,1.2,3292683,-2.0,492,149.5,16.9,2265414,2933575,2006162,524587,927413,0,False,,70.7,B,6333000.0,18.0,1.5,19.5
136,Nair Food Processing #136,07ABCDE1136F1Z1,Trading,UP - Moradabad,Rs 1-3Cr,Marwari,3113369,91.7,3167520,3839555,2368597,0.9,2980236,26.7,710,156.7,-31.2,2300015,1879394,2573762,849030,-694368,0,True,,69.2,B,6227000.0,18.0,1.5,19.5
137,Jain Food Processing #137,07ABCDE1137F1Z2,Trading,Gujarat - Morbi,Rs 3-5Cr,Gujarati,903434,75.0,950480,1125301,682816,2.4,855041,-11.5,772,210.8,302.8,633192,736834,784607,266973,-47773,1,False,680,68.7,B,1807000.0,18.0,1.5,19.5
138,Kapoor Food Processing #138,07ABCDE1138F1Z3,Micro-Manufacturing,UP - Moradabad,Rs 1-3Cr,Marwari,666089,75.0,694712,814369,512603,1.9,649049,-30.2,615,117.7,59.3,499679,418452,552656,265508,-134204,0,False,,59.7,C,666000.0,24.0,2.0,26.0
139,Nair Packaging Co #139,07ABCDE1139F1Z4,Trading,Rajasthan - Bhilwara,< Rs 40L,Gujarati,1739397,83.3,1658102,2156404,1327081,2.1,1760967,-12.0,652,171.7,-3.3,1136866,1334634,1228021,402997,106613,0,False,,67.5,B,3479000.0,18.0,1.5,19.5
140,Gupta Spice Traders #140,07ABCDE1140F1Z5,Micro-Manufacturing,UP - Moradabad,Rs 1-3Cr,Hindi,1855046,91.7,1987239,2267670,1444535,0.7,1902245,6.7,662,138.5,470.2,1217714,1271126,1543605,502072,-272479,0,False,781,72.2,B,3710000.0,18.0,1.5,19.5
141,Bansal Timber Traders #141,07ABCDE1141F1Z6,Trading,Rajasthan - Bhilwara,Rs 3-5Cr,Gujarati,2731720,91.7,2613754,3295969,2060896,0.8,2412788,36.0,765,179.2,80.3,1834888,2685475,2340321,376532,345154,0,False,663,82.8,A,8195000.0,14.0,1.0,15.0
142,Pillai Auto Parts #142,07ABCDE1142F1Z7,Micro-Manufacturing,UP - Moradabad,Rs 1-3Cr,Marwari,1333730,100.0,1348970,1663332,1025882,0.0,1245687,-33.8,710,204.8,-44.7,856011,825608,691405,154231,134203,1,False,,63.9,C,1334000.0,24.0,2.0,26.0
143,Agarwal Metal Works #143,07ABCDE1143F1Z8,Trading,UP - Moradabad,Rs 3-5Cr,Marwari,1674970,75.0,1650405,2031320,1357022,1.9,1713731,15.3,644,168.5,-49.0,1302403,1471766,934667,190332,537099,0,True,751,69.1,B,3350000.0,18.0,1.5,19.5
144,Chaudhary Metal Works #144,07ABCDE1144F1Z0,Trading,Rajasthan - Bhilwara,Rs 40L-1Cr,Gujarati,2509290,91.7,2504650,3063900,2048799,0.7,2577265,55.0,662,94.5,-83.0,1793159,2487973,2133357,838489,354616,0,True,,77.5,B,5019000.0,18.0,1.5,19.5
145,Agarwal Kirana Wholesale #145,07ABCDE1145F1Z1,Trading,UP - Moradabad,> Rs 5Cr,Gujarati,1277401,100.0,1277302,1560572,1049718,0.0,1289629,22.9,519,77.7,120.5,950480,809854,718734,418861,91120,2,True,,72.5,B,2555000.0,18.0,1.5,19.5
146,Singh Agri Traders #146,07ABCDE1146F1Z2,Micro-Manufacturing,UP - Moradabad,Rs 40L-1Cr,Marwari,2781866,83.3,2657623,3464491,2119783,0.7,2728647,17.3,690,135.7,-51.8,2246155,2103757,2293939,933771,-190182,0,False,721,66.9,B,5564000.0,18.0,1.5,19.5
147,Malhotra Kirana Wholesale #147,07ABCDE1147F1Z3,Trading,UP - Moradabad,< Rs 40L,Hindi,1628948,100.0,1635042,1875033,1224045,0.0,1551587,69.1,709,121.8,64.1,1013108,1434387,1300285,198945,134102,1,True,,81.4,A,4887000.0,14.0,1.0,15.0
148,Reddy Food Processing #148,07ABCDE1148F1Z4,Trading,UP - Moradabad,Rs 40L-1Cr,Hindi,2537327,83.3,2632189,3106659,1943743,1.5,3033119,-4.8,770,179.8,-4.5,1777184,1720034,1392435,312960,327599,0,True,,72.3,B,5075000.0,18.0,1.5,19.5
149,Mehta Steel Traders #149,07ABCDE1149F1Z5,Trading,UP - Moradabad,> Rs 5Cr,Marwari,3323080,83.3,3458878,4121519,2647183,2.5,3276719,23.0,454,181.5,40.3,2667470,2168240,2096460,953860,71780,2,False,749,68.8,B,6646000.0,18.0,1.5,19.5
150,Patel Food Processing #150,07ABCDE1150F1Z6,Trading,Rajasthan - Bhilwara,Rs 3-5Cr,English,558550,83.3,527140,689515,429969,2.2,583315,30.4,721,74.8,16.0,379039,530434,447464,114324,82970,0,False,677,74.4,B,1117000.0,18.0,1.5,19.5
151,Patel Kirana Wholesale #151,07ABCDE1151F1Z7,Micro-Manufacturing,Gujarat - Morbi,Rs 1-3Cr,Hindi,1834098,91.7,1831567,2289356,1396613,0.4,1660223,0.6,670,174.0,51.5,1379796,1420900,1670256,497214,-249356,1,True,700,67.9,B,3668000.0,18.0,1.5,19.5
152,Patel Auto Parts #152,07ABCDE1152F1Z8,Trading,Gujarat - Morbi,< Rs 40L,Marwari,781269,100.0,792370,971991,600204,0.0,834871,-25.5,704,175.5,-48.3,528305,588002,687744,239509,-99742,0,False,675,62.7,C,781000.0,24.0,2.0,26.0
153,Verma Kirana Wholesale #153,07ABCDE1153F1Z0,Trading,Gujarat - Morbi,> Rs 5Cr,Marwari,584845,83.3,639485,716596,500589,2.6,599844,-27.7,676,231.2,-16.1,391730,499755,549643,88963,-49888,2,False,,55.0,C,585000.0,24.0,2.0,26.0
154,Jain Light Engineering #154,07ABCDE1154F1Z1,Trading,UP - Moradabad,> Rs 5Cr,Hindi,3346780,83.3,3346460,4155720,2529392,1.6,3000639,-17.5,555,175.7,49.7,2374992,3292183,1788320,1024787,1503863,0,False,691,74.2,B,6694000.0,18.0,1.5,19.5
155,Desai Timber Traders #155,07ABCDE1155F1Z2,Micro-Manufacturing,Gujarat - Morbi,> Rs 5Cr,Gujarati,641602,83.3,656665,794276,543066,0.5,665411,19.8,778,182.3,128.6,460850,475533,580041,221867,-104508,0,True,714,75.5,B,1283000.0,18.0,1.5,19.5
156,Sharma Agri Traders #156,07ABCDE1156F1Z3,Micro-Manufacturing,UP - Moradabad,Rs 3-5Cr,Gujarati,1820619,83.3,1745988,2183599,1375387,1.8,1751699,-30.3,832,166.8,-90.3,1200086,1299460,1599849,402071,-300389,2,True,,52.0,C,1821000.0,24.0,2.0,26.0
157,Patel Fertilizer Depot #157,07ABCDE1157F1Z4,Micro-Manufacturing,Gujarat - Morbi,< Rs 40L,Gujarati,1302064,83.3,1335637,1623374,1028479,1.0,1250639,8.8,530,122.8,-47.8,939231,906509,931063,321650,-24554,0,True,,64.3,C,1302000.0,24.0,2.0,26.0
158,Gupta Ceramics #158,07ABCDE1158F1Z5,Micro-Manufacturing,UP - Moradabad,Rs 1-3Cr,English,2492582,83.3,2611359,3046410,1944546,1.9,2383911,-18.8,604,145.7,-16.9,1550257,1706985,1691510,571435,15475,0,False,,64.2,C,2493000.0,24.0,2.0,26.0
159,Reddy Cloth House #159,07ABCDE1159F1Z6,Trading,UP - Moradabad,< Rs 40L,Hindi,1839013,83.3,1765056,2261040,1428120,1.4,1783969,-28.8,661,118.5,-90.2,1272722,1816607,1402103,453302,414504,0,False,795,62.6,C,1839000.0,24.0,2.0,26.0
160,Sharma Plastics #160,07ABCDE1160F1Z7,Trading,Rajasthan - Bhilwara,Rs 40L-1Cr,Gujarati,1427594,100.0,1491661,1780271,1251669,0.0,1440049,79.9,762,161.7,25.6,1105003,926771,1224732,385448,-297961,1,False,,78.6,B,2855000.0,18.0,1.5,19.5
161,Singh Packaging Co #161,07ABCDE1161F1Z8,Micro-Manufacturing,Gujarat - Morbi,Rs 1-3Cr,Gujarati,2766386,66.7,2817626,3400613,2096356,3.4,2745722,21.0,609,174.7,-28.3,1987358,1988848,2537338,659357,-548490,0,True,674,60.4,C,2766000.0,24.0,2.0,26.0
162,Kapoor Spice Traders #162,07ABCDE1162F1Z0,Micro-Manufacturing,UP - Moradabad,< Rs 40L,Gujarati,2114523,83.3,2158038,2602393,1675399,2.2,2261042,-11.5,597,136.7,-1.6,1422795,1268744,1631789,288231,-363045,0,False,,58.4,C,2115000.0,24.0,2.0,26.0
163,Bansal Spice Traders #163,07ABCDE1163F1Z1,Trading,Rajasthan - Bhilwara,Rs 1-3Cr,Marwari,1846836,91.7,1707782,2072702,1405126,1.6,1498509,-5.7,886,188.8,561.9,1366506,1774846,1359779,468936,415067,0,False,794,81.5,A,5541000.0,14.0,1.0,15.0
164,Yadav Food Processing #164,07ABCDE1164F1Z2,Micro-Manufacturing,Gujarat - Morbi,Rs 40L-1Cr,Hindi,436093,91.7,441671,529288,377592,0.5,510809,-9.4,580,129.3,527.5,314094,434151,330646,69740,103505,0,False,,73.9,B,872000.0,18.0,1.5,19.5
165,Gupta Electricals #165,07ABCDE1165F1Z3,Micro-Manufacturing,Rajasthan - Bhilwara,Rs 40L-1Cr,Gujarati,2591537,83.3,2543366,3101151,1975066,1.6,2495075,20.3,762,141.7,25.9,2028947,2196218,1932441,952500,263777,0,True,657,75.9,B,5183000.0,18.0,1.5,19.5
166,Desai Hardware Store #166,07ABCDE1166F1Z4,Trading,Rajasthan - Bhilwara,> Rs 5Cr,Hindi,3357534,100.0,3336560,4008087,2617855,0.0,3028583,22.2,666,116.3,170.0,2428421,3334077,2234334,530804,1099743,0,False,,80.8,A,10073000.0,14.0,1.0,15.0
167,Pillai Ceramics #167,07ABCDE1167F1Z5,Micro-Manufacturing,UP - Moradabad,Rs 3-5Cr,Marwari,212489,75.0,216896,265408,165410,3.8,207377,47.3,845,136.2,-82.5,149462,130362,132823,45738,-2461,1,False,,70.0,B,425000.0,18.0,1.5,19.5
168,Chaudhary Food Processing #168,07ABCDE1168F1Z6,Micro-Manufacturing,Rajasthan - Bhilwara,< Rs 40L,Marwari,2012353,91.7,1911868,2422319,1535417,1.1,2011655,-38.7,711,170.5,-1.8,1327388,1738053,1714709,690393,23344,0,False,732,65.3,B,4025000.0,18.0,1.5,19.5
169,Reddy Hardware Store #169,07ABCDE1169F1Z7,Trading,Rajasthan - Bhilwara,< Rs 40L,Gujarati,187206,83.3,173387,221955,157651,0.8,194852,2.7,576,172.8,214.5,117880,123037,121111,62985,1926,0,False,770,75.2,B,374000.0,18.0,1.5,19.5
170,Shah Cloth House #170,07ABCDE1170F1Z8,Micro-Manufacturing,Gujarat - Morbi,> Rs 5Cr,English,779410,91.7,832598,958138,643042,1.7,841171,-31.1,720,158.7,-56.8,582929,671330,601976,182920,69354,0,True,682,62.3,C,779000.0,24.0,2.0,26.0
171,Rathi Electricals #171,07ABCDE1171F1Z0,Micro-Manufacturing,UP - Moradabad,> Rs 5Cr,Gujarati,2689842,83.3,2706339,3348763,2153212,1.7,2869006,4.3,560,184.5,96.6,2068060,2248232,2337601,680024,-89369,0,False,766,72.7,B,5380000.0,18.0,1.5,19.5
172,Nair Plastics #172,07ABCDE1172F1Z1,Micro-Manufacturing,UP - Moradabad,Rs 40L-1Cr,Gujarati,3392223,91.7,3430474,4221969,2708518,0.8,3572231,43.8,623,148.3,482.9,2498456,2742129,2964691,639374,-222562,0,True,763,79.6,B,6784000.0,18.0,1.5,19.5
173,Reddy Plastics #173,07ABCDE1173F1Z2,Micro-Manufacturing,Gujarat - Morbi,Rs 3-5Cr,Gujarati,3218694,83.3,3368474,3826340,2772006,0.6,3459055,-11.6,748,131.0,-45.6,2272950,2743648,1949312,658580,794336,0,True,709,68.3,B,6437000.0,18.0,1.5,19.5
174,Malhotra Metal Works #174,07ABCDE1174F1Z3,Trading,Gujarat - Morbi,< Rs 40L,English,2429240,91.7,2449185,2991510,1857108,0.3,2406124,4.9,774,139.0,-2.6,1664708,1982033,2253424,258313,-271391,0,True,,67.1,B,4858000.0,18.0,1.5,19.5
175,Sharma Plastics #175,07ABCDE1175F1Z4,Micro-Manufacturing,Rajasthan - Bhilwara,> Rs 5Cr,Hindi,1668748,83.3,1650611,1950890,1271789,0.4,1442891,-13.2,701,187.5,29.0,1097911,1646644,1255646,408851,390998,2,False,,69.3,B,3337000.0,18.0,1.5,19.5
176,Jain Packaging Co #176,07ABCDE1176F1Z5,Micro-Manufacturing,UP - Moradabad,> Rs 5Cr,Marwari,2046959,100.0,2002428,2420352,1632847,0.0,2137273,41.3,785,164.5,-85.4,1417268,1840747,1176568,473421,664179,3,False,,74.1,B,4094000.0,18.0,1.5,19.5
177,Shah Steel Traders #177,07ABCDE1177F1Z6,Trading,Gujarat - Morbi,Rs 40L-1Cr,Hindi,1825228,91.7,1893494,2237725,1377370,0.8,1735818,14.8,445,117.2,133.3,1224489,1760622,1262646,581877,497976,0,True,793,79.8,B,3650000.0,18.0,1.5,19.5
178,Malhotra Timber Traders #178,07ABCDE1178F1Z7,Trading,Gujarat - Morbi,> Rs 5Cr,English,3214602,75.0,3380256,4000712,2646407,3.8,3246399,-5.1,834,194.2,50.6,2527026,2250914,1781236,1189173,469678,0,False,769,77.8,B,6429000.0,18.0,1.5,19.5
179,Gupta Agri Traders #179,07ABCDE1179F1Z8,Trading,Gujarat - Morbi,Rs 40L-1Cr,Gujarati,1754142,75.0,1819939,2188676,1345013,3.1,1716227,-23.8,393,121.0,273.5,1218614,1171215,1655597,555432,-484382,0,False,756,57.0,C,1754000.0,24.0,2.0,26.0
180,Shah Steel Traders #180,07ABCDE1180F1Z0,Micro-Manufacturing,Rajasthan - Bhilwara,Rs 1-3Cr,English,502190,58.3,491894,619141,405835,4.6,490345,7.2,622,162.5,24.4,385142,406380,438549,153726,-32169,0,True,689,63.7,C,502000.0,24.0,2.0,26.0
181,Reddy Packaging Co #181,07ABCDE1181F1Z1,Trading,Gujarat - Morbi,Rs 40L-1Cr,English,1585211,75.0,1581024,1904615,1213834,2.7,1697850,24.5,884,202.2,93.1,1050807,1221179,984752,433153,236427,0,False,,83.7,A,4756000.0,14.0,1.0,15.0
182,Singh Plastics #182,07ABCDE1182F1Z2,Trading,UP - Moradabad,Rs 40L-1Cr,Gujarati,2932528,83.3,2890586,3622148,2200632,1.2,3242694,-24.7,659,184.7,-32.1,2081664,2192513,1914744,1017503,277769,0,True,708,65.3,B,5865000.0,18.0,1.5,19.5
183,Agarwal Spice Traders #183,07ABCDE1183F1Z3,Micro-Manufacturing,UP - Moradabad,> Rs 5Cr,Gujarati,1976202,91.7,1906066,2425804,1573897,1.1,2032548,18.2,736,155.7,96.2,1447070,1828251,1635174,467365,193077,0,False,,80.2,A,5929000.0,14.0,1.0,15.0
184,Desai Plastics #184,07ABCDE1184F1Z4,Trading,Rajasthan - Bhilwara,Rs 1-3Cr,English,1208335,75.0,1163845,1452165,916835,2.2,1155518,-24.3,632,153.3,-49.8,962286,1205878,938890,316278,266988,1,True,,60.0,C,1208000.0,24.0,2.0,26.0
185,Reddy Metal Works #185,07ABCDE1185F1Z5,Micro-Manufacturing,UP - Moradabad,Rs 3-5Cr,English,1311209,91.7,1227084,1579840,995255,1.1,1265908,-12.3,730,198.8,11.0,877748,802231,1024301,196707,-222070,0,False,655,65.9,B,2622000.0,18.0,1.5,19.5
186,Patel Grains #186,07ABCDE1186F1Z6,Trading,Gujarat - Morbi,> Rs 5Cr,Marwari,1737245,91.7,1755444,2164720,1387172,0.9,1950475,-11.5,471,180.2,28.1,1328502,1458985,1440986,666488,17999,0,False,770,70.1,B,3474000.0,18.0,1.5,19.5
187,Chaudhary Auto Parts #187,07ABCDE1187F1Z7,Trading,Rajasthan - Bhilwara,Rs 3-5Cr,Gujarati,2465496,83.3,2567456,2974875,1929019,3.2,2693110,3.2,596,190.8,-86.1,1693170,2186031,1800309,727047,385722,0,False,,70.0,B,4931000.0,18.0,1.5,19.5
188,Jain Plastics #188,07ABCDE1188F1Z8,Micro-Manufacturing,UP - Moradabad,< Rs 40L,Gujarati,745381,83.3,722404,899292,572357,1.2,772268,7.3,594,169.5,4.2,554525,596631,548229,159059,48402,2,True,773,67.2,B,1491000.0,18.0,1.5,19.5
189,Agarwal Auto Parts #189,07ABCDE1189F1Z0,Micro-Manufacturing,UP - Moradabad,Rs 3-5Cr,English,1092985,100.0,1086726,1318523,856461,0.0,1055749,-34.1,646,102.2,-11.0,768500,909918,774841,285356,135077,1,False,700,63.6,C,1093000.0,24.0,2.0,26.0
190,Reddy Steel Traders #190,07ABCDE1190F1Z1,Trading,Rajasthan - Bhilwara,Rs 40L-1Cr,English,568909,91.7,559498,655885,458405,1.2,626691,-5.3,694,180.0,7.1,421281,514942,339039,142530,175903,0,False,,77.1,B,1138000.0,18.0,1.5,19.5
191,Agarwal Cloth House #191,07ABCDE1191F1Z2,Micro-Manufacturing,Gujarat - Morbi,> Rs 5Cr,Marwari,3364503,100.0,3212456,4095155,2532919,0.0,2996677,19.6,714,158.3,339.4,2165026,2991513,3107698,934935,-116185,3,True,749,72.0,B,6729000.0,18.0,1.5,19.5
192,Reddy Electricals #192,07ABCDE1192F1Z3,Trading,Gujarat - Morbi,< Rs 40L,Hindi,398792,83.3,414991,483257,319320,1.6,404213,-21.3,870,208.7,87.4,263284,329516,378072,154705,-48556,2,False,,64.7,C,399000.0,24.0,2.0,26.0
193,Reddy Food Processing #193,07ABCDE1193F1Z4,Micro-Manufacturing,Rajasthan - Bhilwara,Rs 40L-1Cr,English,2491640,91.7,2511141,2863630,1959706,1.6,2245119,16.3,667,139.8,-79.7,1706028,2033254,2316221,493938,-282967,0,False,,65.8,B,4983000.0,18.0,1.5,19.5
194,Singh Cloth House #194,07ABCDE1194F1Z5,Trading,Gujarat - Morbi,< Rs 40L,English,3389451,91.7,3490099,4065442,2890578,0.5,3251229,-45.3,904,160.3,-72.9,2466900,3132082,3030758,355061,101324,3,True,661,47.8,D,1356000.0,30.0,2.5,32.5
195,Bansal Metal Works #195,07ABCDE1195F1Z6,Micro-Manufacturing,Gujarat - Morbi,< Rs 40L,Marwari,2325258,91.7,2293372,2832503,1871125,0.6,2199031,-32.1,552,184.5,48.2,1657206,2192174,2009584,233029,182590,0,True,,66.4,B,4651000.0,18.0,1.5,19.5
196,Jain Fertilizer Depot #196,07ABCDE1196F1Z7,Micro-Manufacturing,Rajasthan - Bhilwara,> Rs 5Cr,Marwari,2216960,91.7,2102246,2492659,1806609,0.3,2324000,52.6,458,144.3,26.2,1605158,1563226,1547301,717160,15925,0,False,,80.4,A,6651000.0,14.0,1.0,15.0
197,Rathi Packaging Co #197,07ABCDE1197F1Z8,Micro-Manufacturing,Rajasthan - Bhilwara,Rs 3-5Cr,Gujarati,2931864,100.0,2961176,3615417,2236153,0.0,3090099,50.3,605,170.7,-67.0,1957758,2879243,2025352,471029,853891,0,True,,79.7,B,5864000.0,18.0,1.5,19.5
198,Reddy Cloth House #198,07ABCDE1198F1Z0,Trading,UP - Moradabad,> Rs 5Cr,Gujarati,720928,100.0,685691,892672,564780,0.0,625268,29.1,574,179.0,-84.4,479786,689529,397070,172992,292459,0,True,774,78.8,B,1442000.0,18.0,1.5,19.5
199,Bansal Auto Parts #199,07ABCDE1199F1Z1,Micro-Manufacturing,Rajasthan - Bhilwara,< Rs 40L,Marwari,1162054,91.7,1263797,1451000,1017768,0.3,1193337,28.9,600,205.8,9.8,847941,989195,987669,349453,1526,0,True,,79.3,B,2324000.0,18.0,1.5,19.5
200,Patel Ceramics #200,07ABCDE1200F1Z2,Micro-Manufacturing,UP - Moradabad,Rs 1-3Cr,Gujarati,1213315,91.7,1235818,1433824,1007410,1.0,1337709,-28.3,620,187.5,40.0,888962,1000007,1019847,317253,-19840,0,True,,69.9,B,2427000.0,18.0,1.5,19.5
201,Verma Cloth House #201,07ABCDE1201F1Z3,Micro-Manufacturing,Gujarat - Morbi,> Rs 5Cr,English,1814118,100.0,1850234,2155593,1384497,0.0,2002434,-5.5,914,156.0,-5.2,1251231,1508590,985936,680736,522654,3,True,,69.8,B,3628000.0,18.0,1.5,19.5
202,Rathi Timber Traders #202,07ABCDE1202F1Z4,Micro-Manufacturing,Gujarat - Morbi,Rs 3-5Cr,English,2101552,91.7,1955471,2579375,1599402,0.5,2333973,11.0,707,151.7,-45.1,1634038,1285719,1929165,669554,-643446,0,False,,65.8,B,4203000.0,18.0,1.5,19.5
203,Yadav Kirana Wholesale #203,07ABCDE1203F1Z5,Micro-Manufacturing,Rajasthan - Bhilwara,> Rs 5Cr,Marwari,1589885,75.0,1497313,1975937,1196118,2.5,1778308,17.8,568,155.5,-61.3,1172330,1152135,1003446,325475,148689,0,False,777,67.1,B,3180000.0,18.0,1.5,19.5
204,Gupta Light Engineering #204,07ABCDE1204F1Z6,Micro-Manufacturing,UP - Moradabad,Rs 1-3Cr,Hindi,3438597,83.3,3305870,3973139,2650454,2.8,3440631,11.5,794,127.3,-75.4,2384293,2871187,3112357,903787,-241170,0,True,,66.5,B,6877000.0,18.0,1.5,19.5
205,Verma Auto Parts #205,07ABCDE1205F1Z7,Trading,Rajasthan - Bhilwara,< Rs 40L,English,3019597,83.3,3018025,3660222,2288239,1.2,3009781,18.7,751,154.2,116.0,2156524,1824355,2450811,339824,-626456,1,False,668,67.4,B,6039000.0,18.0,1.5,19.5
206,Iyer Agri Traders #206,07ABCDE1206F1Z8,Trading,Gujarat - Morbi,> Rs 5Cr,Gujarati,2402088,75.0,2257629,2919280,1844437,2.8,2678041,8.6,809,105.5,130.2,1782694,1927045,1444510,692195,482535,0,True,,78.4,B,4804000.0,18.0,1.5,19.5
207,Mehta Ceramics #207,07ABCDE1207F1Z0,Trading,Gujarat - Morbi,Rs 1-3Cr,English,2485611,75.0,2396100,3023497,1871542,1.1,2556988,-9.1,752,175.2,-59.3,1860504,1512183,2143721,355927,-631538,0,True,,58.2,C,2486000.0,24.0,2.0,26.0
208,Verma Agri Traders #208,07ABCDE1208F1Z1,Trading,UP - Moradabad,< Rs 40L,Hindi,1852016,91.7,1860728,2222747,1519886,1.2,1583955,-18.8,787,135.5,-60.1,1279599,1471748,1434684,609346,37064,0,True,,66.2,B,3704000.0,18.0,1.5,19.5
209,Bansal Light Engineering #209,07ABCDE1209F1Z2,Trading,Rajasthan - Bhilwara,> Rs 5Cr,Marwari,1540447,100.0,1654369,1855657,1233512,0.0,1830635,-28.1,584,106.2,106.5,1253599,966716,863766,292733,102950,0,False,700,70.9,B,3081000.0,18.0,1.5,19.5
210,Patel Food Processing #210,07ABCDE1210F1Z3,Micro-Manufacturing,UP - Moradabad,Rs 40L-1Cr,English,216922,91.7,216998,270735,163849,1.7,228037,37.5,874,143.8,-72.1,169242,209402,192554,79989,16848,0,False,712,76.5,B,434000.0,18.0,1.5,19.5
211,Nair Fertilizer Depot #211,07ABCDE1211F1Z4,Micro-Manufacturing,Gujarat - Morbi,Rs 40L-1Cr,Hindi,3416845,75.0,3453822,4130969,2658589,2.0,3528532,-10.2,710,133.2,670.8,2292180,2361334,2315256,1198670,46078,0,False,705,70.2,B,6834000.0,18.0,1.5,19.5
212,Desai Food Processing #212,07ABCDE1212F1Z5,Trading,UP - Moradabad,< Rs 40L,Marwari,2896607,83.3,2953331,3496895,2261699,1.4,2496466,1.6,855,172.8,-29.1,2169198,2746273,1643021,607456,1103252,0,True,688,71.9,B,5793000.0,18.0,1.5,19.5
213,Bansal Cloth House #213,07ABCDE1213F1Z6,Trading,UP - Moradabad,Rs 3-5Cr,Marwari,2130920,100.0,1930772,2454417,1621289,0.0,2160947,60.3,721,205.3,-13.8,1424885,2047251,1522083,392428,525168,0,True,682,84.7,A,6393000.0,14.0,1.0,15.0
214,Rathi Metal Works #214,07ABCDE1214F1Z7,Trading,Gujarat - Morbi,Rs 3-5Cr,Gujarati,231358,91.7,225315,283083,181260,1.0,248416,28.0,518,140.8,-88.6,145618,198411,159553,48721,38858,1,True,,69.3,B,463000.0,18.0,1.5,19.5
215,Shah Hardware Store #215,07ABCDE1215F1Z8,Trading,Gujarat - Morbi,Rs 40L-1Cr,Marwari,601914,83.3,599988,733403,463287,1.0,598668,13.2,571,195.0,385.5,426415,557219,422437,81002,134782,2,False,,71.9,B,1204000.0,18.0,1.5,19.5
216,Malhotra Spice Traders #216,07ABCDE1216F1Z0,Trading,Gujarat - Morbi,Rs 40L-1Cr,Gujarati,327816,83.3,304148,401569,251763,2.8,322929,75.9,761,142.2,-8.5,224322,311324,193432,88858,117892,1,True,727,79.3,B,656000.0,18.0,1.5,19.5
217,Chaudhary Fertilizer Depot #217,07ABCDE1217F1Z1,Trading,Gujarat - Morbi,> Rs 5Cr,Marwari,1059350,91.7,1132472,1296001,909146,0.3,994905,-15.5,795,109.0,12.5,760512,1030553,612899,141715,417654,1,False,792,69.5,B,2119000.0,18.0,1.5,19.5
218,Iyer Metal Works #218,07ABCDE1218F1Z2,Trading,UP - Moradabad,Rs 1-3Cr,English,415431,91.7,403318,513661,317783,0.8,445634,-23.9,701,213.8,-7.7,295843,317027,387440,52316,-70413,0,False,769,60.6,C,415000.0,24.0,2.0,26.0
219,Yadav Food Processing #219,07ABCDE1219F1Z3,Trading,UP - Moradabad,Rs 1-3Cr,Marwari,2661517,100.0,2800395,3168167,2429282,0.0,2461051,-14.1,794,171.7,985.7,1876742,1819672,2095177,1025922,-275505,0,False,,75.4,B,5323000.0,18.0,1.5,19.5
220,Desai Ceramics #220,07ABCDE1220F1Z4,Trading,Rajasthan - Bhilwara,> Rs 5Cr,Hindi,648924,91.7,659643,803696,554326,1.3,638293,-12.4,533,191.2,-40.3,415117,564626,332707,163456,231919,0,False,,70.3,B,1298000.0,18.0,1.5,19.5
221,Chaudhary Plastics #221,07ABCDE1221F1Z5,Trading,Gujarat - Morbi,Rs 40L-1Cr,Marwari,3078532,66.7,3113210,3799777,2370187,2.8,3156435,-25.0,603,172.3,-44.2,2007390,2046602,2329492,921688,-282890,0,True,,55.8,C,3079000.0,24.0,2.0,26.0
222,Jain Cloth House #222,07ABCDE1222F1Z6,Micro-Manufacturing,Rajasthan - Bhilwara,< Rs 40L,Marwari,635909,66.7,627172,750558,479748,3.1,714084,-0.9,596,172.2,55.9,415230,535800,566035,206404,-30235,0,True,754,69.1,B,1272000.0,18.0,1.5,19.5
223,Yadav Grains #223,07ABCDE1223F1Z7,Micro-Manufacturing,UP - Moradabad,Rs 3-5Cr,English,2665834,83.3,2770965,3263641,2040581,1.0,2792095,7.6,587,179.8,27.6,1896401,2236912,2136287,417218,100625,0,True,725,71.5,B,5332000.0,18.0,1.5,19.5
224,Bansal Fertilizer Depot #224,07ABCDE1224F1Z8,Micro-Manufacturing,Rajasthan - Bhilwara,Rs 40L-1Cr,English,641617,100.0,642554,780887,482260,0.0,653095,-1.1,842,108.3,4.9,412283,622560,519084,103600,103476,2,True,,68.1,B,1283000.0,18.0,1.5,19.5
225,Patel Ceramics #225,07ABCDE1225F1Z0,Trading,Rajasthan - Bhilwara,Rs 40L-1Cr,English,1074582,91.7,1069367,1331768,854925,1.2,925605,13.6,682,232.3,17.0,681146,653653,782727,232507,-129074,0,False,,73.1,B,2149000.0,18.0,1.5,19.5
226,Reddy Metal Works #226,07ABCDE1226F1Z1,Micro-Manufacturing,Rajasthan - Bhilwara,Rs 40L-1Cr,English,1467899,91.7,1434687,1832744,1116982,1.2,1293465,6.1,583,142.2,-78.2,979193,934917,768395,435065,166522,1,True,695,65.6,B,2936000.0,18.0,1.5,19.5
227,Chaudhary Packaging Co #227,07ABCDE1227F1Z2,Micro-Manufacturing,UP - Moradabad,> Rs 5Cr,Marwari,222065,91.7,214700,256232,186415,0.3,217761,28.3,633,186.0,312.7,164756,174687,175722,56825,-1035,1,True,753,79.5,B,444000.0,18.0,1.5,19.5
228,Verma Kirana Wholesale #228,07ABCDE1228F1Z3,Micro-Manufacturing,UP - Moradabad,< Rs 40L,English,679488,91.7,693964,816630,557966,1.2,709161,-6.6,656,191.5,-79.5,487900,643782,486347,139801,157435,0,True,,70.9,B,1359000.0,18.0,1.5,19.5
229,Patel Spice Traders #229,07ABCDE1229F1Z4,Micro-Manufacturing,Gujarat - Morbi,Rs 1-3Cr,Marwari,2795240,91.7,2759947,3156514,2310727,1.1,2169482,3.9,638,116.5,-82.9,1890751,2216809,1480750,672232,736059,3,True,,63.3,C,2795000.0,24.0,2.0,26.0
230,Rathi Steel Traders #230,07ABCDE1230F1Z5,Micro-Manufacturing,Rajasthan - Bhilwara,Rs 40L-1Cr,Gujarati,1232480,100.0,1217686,1479793,938056,0.0,1268904,20.1,721,142.2,3.0,832778,972759,633208,469917,339551,0,False,775,82.7,A,3697000.0,14.0,1.0,15.0
231,Bansal Food Processing #231,07ABCDE1231F1Z6,Micro-Manufacturing,Rajasthan - Bhilwara,Rs 1-3Cr,Gujarati,1170205,83.3,1142179,1453219,925813,1.6,1283235,62.1,496,217.2,-43.4,717478,1065389,856240,291292,209149,0,False,,77.2,B,2340000.0,18.0,1.5,19.5
232,Chaudhary Timber Traders #232,07ABCDE1232F1Z7,Trading,Rajasthan - Bhilwara,Rs 1-3Cr,English,1381671,91.7,1342393,1678642,1061674,0.3,1396757,-33.9,578,220.7,7.7,993613,1358494,1158090,498009,200404,0,True,,69.8,B,2763000.0,18.0,1.5,19.5
233,Iyer Cloth House #233,07ABCDE1233F1Z8,Micro-Manufacturing,UP - Moradabad,Rs 3-5Cr,Hindi,326267,100.0,344434,392712,245146,0.0,297001,-33.4,620,163.2,-84.8,268391,282995,248225,71270,34770,0,False,,64.5,C,326000.0,24.0,2.0,26.0
234,Verma Packaging Co #234,07ABCDE1234F1Z0,Micro-Manufacturing,Gujarat - Morbi,< Rs 40L,Marwari,469210,75.0,490999,575391,370600,3.4,434135,-35.1,688,140.7,-89.3,328499,293909,397257,153682,-103348,0,False,736,52.5,C,469000.0,24.0,2.0,26.0
235,Iyer Agri Traders #235,07ABCDE1235F1Z1,Trading,UP - Moradabad,> Rs 5Cr,Hindi,2951788,91.7,3190306,3678109,2718746,0.5,3088283,68.7,792,182.2,-26.3,1712247,2555752,1970737,595132,585015,1,False,,81.9,A,8855000.0,14.0,1.0,15.0
236,Verma Ceramics #236,07ABCDE1236F1Z2,Trading,Rajasthan - Bhilwara,Rs 3-5Cr,Hindi,2636742,91.7,2822176,3294979,2020377,0.8,2716677,-8.2,471,161.3,91.0,1966798,1666065,2164148,1003445,-498083,2,False,726,59.9,C,2637000.0,24.0,2.0,26.0
237,Desai Food Processing #237,07ABCDE1237F1Z3,Trading,Gujarat - Morbi,Rs 40L-1Cr,English,2909422,66.7,2741235,3378094,2187899,2.7,2614351,26.7,732,165.7,-29.4,2236380,2042413,2247136,292210,-204723,0,True,682,63.2,C,2909000.0,24.0,2.0,26.0
238,Mehta Spice Traders #238,07ABCDE1238F1Z4,Trading,Gujarat - Morbi,Rs 1-3Cr,Marwari,3132436,91.7,3016332,3515971,2370878,0.6,2876491,-42.2,740,166.7,60.8,1885094,2843066,2233286,1029913,609780,0,False,,74.1,B,6265000.0,18.0,1.5,19.5
239,Agarwal Cloth House #239,07ABCDE1239F1Z5,Micro-Manufacturing,Gujarat - Morbi,< Rs 40L,Hindi,1788273,91.7,1714551,2065196,1429576,0.3,1756319,-10.2,427,193.2,244.7,1247084,1709772,1155442,639019,554330,0,True,,77.4,B,3577000.0,18.0,1.5,19.5
240,Gupta Food Processing #240,07ABCDE1240F1Z6,Trading,UP - Moradabad,Rs 40L-1Cr,English,582820,75.0,533216,721509,440523,2.8,636155,0.2,682,153.8,45.8,389768,372424,455906,62016,-83482,0,False,,64.1,C,583000.0,24.0,2.0,26.0
241,Shah Plastics #241,07ABCDE1241F1Z7,Micro-Manufacturing,Gujarat - Morbi,> Rs 5Cr,English,1387319,91.7,1280294,1651025,1064857,1.0,1462454,-16.4,743,142.0,-58.9,985304,896400,1127242,513653,-230842,0,True,678,57.9,C,1387000.0,24.0,2.0,26.0
242,Rathi Auto Parts #242,07ABCDE1242F1Z8,Micro-Manufacturing,Rajasthan - Bhilwara,Rs 1-3Cr,English,371592,100.0,350110,447397,303995,0.0,374285,57.2,508,113.7,722.2,247508,231464,291283,145141,-59819,0,False,,77.8,B,743000.0,18.0,1.5,19.5
243,Gupta Auto Parts #243,07ABCDE1243F1Z0,Micro-Manufacturing,Rajasthan - Bhilwara,> Rs 5Cr,Hindi,506685,83.3,501556,588858,380721,1.2,476387,-2.5,602,120.8,-86.4,373663,461815,470658,180808,-8843,0,False,,63.9,C,507000.0,24.0,2.0,26.0
244,Sharma Agri Traders #244,07ABCDE1244F1Z1,Micro-Manufacturing,Rajasthan - Bhilwara,Rs 1-3Cr,Marwari,2481166,100.0,2563089,3054503,2093712,0.0,2453477,44.3,717,123.7,-33.3,1791464,2271417,2045735,522817,225682,0,False,,78.9,B,4962000.0,18.0,1.5,19.5
245,Agarwal Electricals #245,07ABCDE1245F1Z2,Micro-Manufacturing,UP - Moradabad,Rs 3-5Cr,Marwari,3472282,91.7,3490005,4309622,2669387,0.9,3222912,-8.6,666,128.0,-69.3,2379757,2532016,2088830,1266392,443186,2,True,779,63.7,C,3472000.0,24.0,2.0,26.0
246,Reddy Kirana Wholesale #246,07ABCDE1246F1Z3,Micro-Manufacturing,Gujarat - Morbi,< Rs 40L,Gujarati,3416999,83.3,3564526,4203538,2585165,0.6,3135281,-30.9,643,177.5,105.1,2296096,2378425,2131383,687870,247042,0,False,,70.5,B,6834000.0,18.0,1.5,19.5
247,Mehta Plastics #247,07ABCDE1247F1Z4,Trading,Rajasthan - Bhilwara,< Rs 40L,English,2794416,83.3,2815828,3407574,2125508,1.2,2728012,26.6,664,187.5,-84.8,2024817,2016457,2094523,944913,-78066,3,True,,62.6,C,2794000.0,24.0,2.0,26.0
248,Shah Plastics #248,07ABCDE1248F1Z5,Trading,Rajasthan - Bhilwara,< Rs 40L,Marwari,1130407,83.3,1122158,1409159,884453,2.0,1085112,-33.5,752,151.3,-45.6,794371,872617,852057,438810,20560,0,True,,62.2,C,1130000.0,24.0,2.0,26.0
249,Rathi Metal Works #249,07ABCDE1249F1Z6,Trading,UP - Moradabad,> Rs 5Cr,Gujarati,3353574,91.7,3518025,4183066,2712714,0.8,3190866,-32.3,742,138.3,-55.6,2466074,3094989,2150186,674255,944803,2,False,718,60.0,C,3354000.0,24.0,2.0,26.0
250,Sharma Metal Works #250,07ABCDE1250F1Z7,Trading,Gujarat - Morbi,Rs 3-5Cr,Marwari,2285031,75.0,2294842,2854510,1714890,3.1,2348957,45.1,691,136.8,8.7,1588858,1781433,1286195,504913,495238,2,True,738,73.3,B,4570000.0,18.0,1.5,19.5
251,Gupta Auto Parts #251,07ABCDE1251F1Z8,Micro-Manufacturing,Rajasthan - Bhilwara,Rs 1-3Cr,Hindi,1762597,83.3,1753677,2177069,1341984,0.9,1827569,-29.6,610,187.3,-48.0,1227748,1569406,1015100,482320,554306,0,True,,65.5,B,3525000.0,18.0,1.5,19.5
252,Rathi Packaging Co #252,07ABCDE1252F1Z0,Trading,UP - Moradabad,Rs 1-3Cr,Hindi,1141984,83.3,1214288,1379043,1005573,1.1,1276693,-12.3,776,197.3,4.3,812798,1108686,632142,278068,476544,0,True,,75.8,B,2284000.0,18.0,1.5,19.5
253,Iyer Textiles #253,07ABCDE1253F1Z1,Micro-Manufacturing,UP - Moradabad,Rs 1-3Cr,English,1727548,83.3,1707306,2152655,1386271,1.4,2015967,-4.9,413,185.8,39.9,1322129,1457863,1294094,206969,163769,0,False,779,68.2,B,3455000.0,18.0,1.5,19.5
254,Kapoor Ceramics #254,07ABCDE1254F1Z2,Micro-Manufacturing,Gujarat - Morbi,Rs 3-5Cr,English,1136839,91.7,1127473,1400314,867532,1.2,1184073,-7.5,508,128.2,133.3,771856,1091259,658409,368269,432850,2,False,,69.4,B,2274000.0,18.0,1.5,19.5
255,Pillai Auto Parts #255,07ABCDE1255F1Z3,Trading,UP - Moradabad,Rs 3-5Cr,Marwari,738688,100.0,712629,895205,583418,0.0,708381,-23.1,775,166.7,149.3,535053,537895,531482,224583,6413,1,False,,72.6,B,1477000.0,18.0,1.5,19.5
256,Nair Textiles #256,07ABCDE1256F1Z4,Micro-Manufacturing,Gujarat - Morbi,> Rs 5Cr,Marwari,841283,83.3,810063,989163,650686,2.7,763411,24.4,561,136.2,-1.7,581562,792977,552506,125213,240471,0,False,759,73.0,B,1683000.0,18.0,1.5,19.5
257,Kapoor Packaging Co #257,07ABCDE1257F1Z5,Micro-Manufacturing,Rajasthan - Bhilwara,> Rs 5Cr,Marwari,3473128,91.7,3656446,4155894,2844872,0.2,3564157,16.9,475,115.5,360.3,2391232,2367410,2725892,926157,-358482,0,False,,72.1,B,6946000.0,18.0,1.5,19.5
258,Chaudhary Plastics #258,07ABCDE1258F1Z6,Trading,Rajasthan - Bhilwara,Rs 40L-1Cr,Hindi,754283,100.0,736584,939256,568112,0.0,736675,51.2,340,201.2,-72.1,480005,505955,438464,154647,67491,0,False,793,77.6,B,1509000.0,18.0,1.5,19.5
259,Sharma Electricals #259,07ABCDE1259F1Z7,Micro-Manufacturing,Rajasthan - Bhilwara,> Rs 5Cr,Marwari,1514970,75.0,1493811,1860906,1244128,2.0,1678558,-3.5,592,171.2,-41.5,1090621,1299605,1260003,552588,39602,0,True,,65.4,B,3030000.0,18.0,1.5,19.5
260,Yadav Hardware Store #260,07ABCDE1260F1Z8,Micro-Manufacturing,Rajasthan - Bhilwara,Rs 40L-1Cr,Marwari,2713612,75.0,2763741,3325851,2073305,3.0,2807341,-33.0,591,220.0,-21.6,1949618,2320059,1838351,320923,481708,1,True,660,55.8,C,2714000.0,24.0,2.0,26.0
261,Iyer Cloth House #261,07ABCDE1261F1Z0,Trading,Gujarat - Morbi,Rs 40L-1Cr,Hindi,2857032,83.3,3000947,3469204,2259926,1.0,2852925,-13.4,598,130.8,170.0,1820162,1862216,1660844,389376,201372,1,False,785,66.6,B,5714000.0,18.0,1.5,19.5
262,Patel Kirana Wholesale #262,07ABCDE1262F1Z1,Trading,UP - Moradabad,Rs 3-5Cr,Hindi,1381498,75.0,1454039,1714427,1157790,1.8,1623011,0.8,608,174.0,137.2,938560,1127103,931566,454197,195537,0,True,,76.2,B,2763000.0,18.0,1.5,19.5
263,Yadav Hardware Store #263,07ABCDE1263F1Z2,Micro-Manufacturing,Gujarat - Morbi,Rs 40L-1Cr,Hindi,1921924,83.3,1897134,2357157,1448724,1.8,1992284,-24.5,725,142.7,175.9,1273114,1155254,999122,226440,156132,0,True,,69.3,B,3844000.0,18.0,1.5,19.5
264,Singh Agri Traders #264,07ABCDE1264F1Z3,Micro-Manufacturing,Gujarat - Morbi,< Rs 40L,English,2034608,83.3,1959062,2517014,1569141,0.5,1949906,-36.9,708,192.3,-50.6,1345410,1348200,1758795,776451,-410595,2,True,761,51.8,C,2035000.0,24.0,2.0,26.0
265,Reddy Textiles #265,07ABCDE1265F1Z4,Micro-Manufacturing,Rajasthan - Bhilwara,> Rs 5Cr,Gujarati,729745,75.0,764546,890827,559015,3.9,635899,55.0,758,207.2,4.5,557120,600300,460963,162927,139337,0,False,,83.7,A,2189000.0,14.0,1.0,15.0
266,Shah Kirana Wholesale #266,07ABCDE1266F1Z5,Trading,UP - Moradabad,Rs 3-5Cr,Gujarati,1191201,91.7,1216650,1486422,902132,1.2,1046150,10.2,646,219.0,-39.4,934160,956876,1032644,423376,-75768,3,True,727,60.3,C,1191000.0,24.0,2.0,26.0
267,Mehta Electricals #267,07ABCDE1267F1Z6,Micro-Manufacturing,Rajasthan - Bhilwara,< Rs 40L,Marwari,2339201,91.7,2234751,2796503,1767890,0.5,2372781,4.2,837,162.7,52.2,1400051,2245246,1845739,358152,399507,0,True,792,80.2,A,7018000.0,14.0,1.0,15.0
268,Pillai Food Processing #268,07ABCDE1268F1Z7,Trading,Gujarat - Morbi,Rs 3-5Cr,Hindi,2587032,83.3,2525470,3147664,1973415,1.8,2210675,-1.1,729,147.8,-78.3,1721672,1628643,2456179,346361,-827536,2,True,,53.2,C,2587000.0,24.0,2.0,26.0
269,Mehta Ceramics #269,07ABCDE1269F1Z8,Micro-Manufacturing,Rajasthan - Bhilwara,> Rs 5Cr,Marwari,1125800,91.7,1147354,1396562,964441,0.8,1216110,8.2,417,145.0,-16.8,782676,1089376,880336,432482,209040,0,True,,71.8,B,2252000.0,18.0,1.5,19.5
270,Bansal Timber Traders #270,07ABCDE1270F1Z0,Micro-Manufacturing,UP - Moradabad,< Rs 40L,Gujarati,2529098,75.0,2382186,3021202,1985827,2.2,2400552,-1.0,587,153.5,363.0,1794642,1794619,2292281,906603,-497662,0,False,,65.4,B,5058000.0,18.0,1.5,19.5
271,Shah Packaging Co #271,07ABCDE1271F1Z1,Micro-Manufacturing,UP - Moradabad,< Rs 40L,Hindi,1470147,91.7,1550275,1758636,1123847,1.1,1241305,-18.8,701,163.3,-69.2,1048892,1047291,1385719,187723,-338428,2,True,714,50.7,C,1470000.0,24.0,2.0,26.0
272,Singh Steel Traders #272,07ABCDE1272F1Z2,Trading,UP - Moradabad,Rs 40L-1Cr,English,604443,91.7,599521,753026,457448,1.4,618954,51.0,785,170.2,-24.4,390642,526063,418973,115842,107090,0,True,,82.5,A,1813000.0,14.0,1.0,15.0
273,Rathi Spice Traders #273,07ABCDE1273F1Z3,Micro-Manufacturing,Gujarat - Morbi,Rs 1-3Cr,Hindi,796609,100.0,832771,969733,665057,0.0,895146,-31.1,527,140.0,273.0,541351,481730,705817,285956,-224087,1,True,,61.7,C,797000.0,24.0,2.0,26.0
274,Kapoor Cloth House #274,07ABCDE1274F1Z4,Trading,Gujarat - Morbi,< Rs 40L,English,1932514,83.3,1910181,2372655,1591506,2.6,2184061,1.7,557,160.8,34.2,1410733,1294807,1081223,311367,213584,0,False,,72.6,B,3865000.0,18.0,1.5,19.5
275,Yadav Hardware Store #275,07ABCDE1275F1Z5,Micro-Manufacturing,Rajasthan - Bhilwara,Rs 40L-1Cr,Hindi,622822,91.7,619835,773959,471757,1.4,604954,-13.1,560,111.7,-46.2,459295,450756,554224,172279,-103468,1,True,,54.0,C,623000.0,24.0,2.0,26.0
276,Desai Timber Traders #276,07ABCDE1276F1Z6,Trading,Rajasthan - Bhilwara,Rs 3-5Cr,Hindi,1702136,66.7,1731787,2116420,1315816,4.7,1494481,7.6,637,208.8,-20.6,1229580,1698736,1356917,418025,341819,0,False,,68.7,B,3404000.0,18.0,1.5,19.5
277,Singh Auto Parts #277,07ABCDE1277F1Z7,Micro-Manufacturing,Gujarat - Morbi,Rs 1-3Cr,Gujarati,2538025,83.3,2455193,3021746,1922163,2.8,2623549,-40.5,659,176.2,-64.0,1645080,2346315,2275945,949281,70370,0,True,,59.3,C,2538000.0,24.0,2.0,26.0
278,Jain Spice Traders #278,07ABCDE1278F1Z8,Trading,Gujarat - Morbi,< Rs 40L,Gujarati,2188878,91.7,2244975,2654387,1661426,1.2,2061673,41.7,621,176.7,198.5,1406874,1874975,1836197,257632,38778,0,False,,79.3,B,4378000.0,18.0,1.5,19.5
279,Iyer Light Engineering #279,07ABCDE1279F1Z0,Trading,Gujarat - Morbi,Rs 1-3Cr,Marwari,929846,75.0,896385,1156716,717664,4.0,973112,-1.6,913,151.2,-13.6,659997,681499,529247,309085,152252,0,False,667,71.8,B,1860000.0,18.0,1.5,19.5
280,Pillai Auto Parts #280,07ABCDE1280F1Z1,Trading,UP - Moradabad,< Rs 40L,Hindi,1223882,91.7,1194001,1518468,1010549,1.2,1318123,-12.4,792,139.8,-87.8,880508,999099,795508,403511,203591,0,False,657,71.3,B,2448000.0,18.0,1.5,19.5
281,Sharma Cloth House #281,07ABCDE1281F1Z2,Trading,UP - Moradabad,< Rs 40L,Marwari,2090703,75.0,2133493,2611508,1587989,2.7,2081982,-27.2,552,204.0,24.7,1364066,1960682,1481603,554503,479079,2,True,743,62.7,C,2091000.0,24.0,2.0,26.0
282,Yadav Light Engineering #282,07ABCDE1282F1Z3,Micro-Manufacturing,Gujarat - Morbi,Rs 1-3Cr,English,1357312,83.3,1393903,1676168,1026266,1.6,1280155,13.8,654,192.2,43.3,953930,1300543,1287074,339716,13469,0,False,705,75.2,B,2715000.0,18.0,1.5,19.5
283,Shah Spice Traders #283,07ABCDE1283F1Z4,Micro-Manufacturing,Gujarat - Morbi,Rs 40L-1Cr,Hindi,236030,91.7,222838,293310,177350,0.6,231401,20.4,496,120.0,-91.5,146890,205661,219734,88997,-14073,0,True,792,67.9,B,472000.0,18.0,1.5,19.5
284,Shah Packaging Co #284,07ABCDE1284F1Z5,Trading,Gujarat - Morbi,< Rs 40L,Gujarati,867192,91.7,833381,1034015,670524,1.7,808388,-12.0,624,91.0,169.6,632435,825818,655630,207367,170188,3,False,747,62.9,C,867000.0,24.0,2.0,26.0
285,Malhotra Kirana Wholesale #285,07ABCDE1285F1Z6,Trading,UP - Moradabad,Rs 1-3Cr,English,1141253,100.0,1144374,1423957,856635,0.0,1063389,46.6,587,102.2,135.2,840100,811201,937513,165230,-126312,2,False,,70.4,B,2283000.0,18.0,1.5,19.5
286,Mehta Ceramics #286,07ABCDE1286F1Z7,Trading,UP - Moradabad,> Rs 5Cr,Marwari,323765,75.0,337089,403195,279125,1.9,292413,-12.2,566,188.2,237.1,244098,248351,303164,70573,-54813,3,True,,55.8,C,324000.0,24.0,2.0,26.0
287,Jain Grains #287,07ABCDE1287F1Z8,Trading,Rajasthan - Bhilwara,> Rs 5Cr,English,1668551,100.0,1523978,2068750,1258534,0.0,1695423,-3.5,562,168.3,-26.9,1197843,1135290,1088689,286701,46601,0,True,767,70.0,B,3337000.0,18.0,1.5,19.5
288,Rathi Ceramics #288,07ABCDE1288F1Z0,Micro-Manufacturing,Rajasthan - Bhilwara,Rs 40L-1Cr,Hindi,1093352,83.3,1106394,1339008,862407,1.4,1115123,-14.1,746,153.7,-26.6,676508,1012341,637877,240242,374464,0,True,,70.4,B,2187000.0,18.0,1.5,19.5
289,Verma Plastics #289,07ABCDE1289F1Z1,Trading,Gujarat - Morbi,Rs 40L-1Cr,Hindi,1154657,100.0,1048339,1377581,873813,0.0,1156489,32.9,551,169.8,-46.9,783274,1111169,991711,205446,119458,1,True,662,67.9,B,2309000.0,18.0,1.5,19.5
290,Pillai Food Processing #290,07ABCDE1290F1Z2,Micro-Manufacturing,UP - Moradabad,Rs 1-3Cr,English,3050365,75.0,3111747,3788680,2457793,2.4,2961821,7.3,495,132.2,45.2,2310724,2291536,1999936,954020,291600,0,False,656,71.9,B,6101000.0,18.0,1.5,19.5
291,Patel Plastics #291,07ABCDE1291F1Z3,Micro-Manufacturing,Gujarat - Morbi,Rs 1-3Cr,Gujarati,3166277,100.0,3173195,3789434,2579253,0.0,2989616,24.1,836,88.0,-12.2,2110796,2970375,2756662,842503,213713,2,True,696,69.1,B,6333000.0,18.0,1.5,19.5
292,Mehta Ceramics #292,07ABCDE1292F1Z4,Trading,Rajasthan - Bhilwara,< Rs 40L,Gujarati,3418833,91.7,3420843,4243577,2592992,1.7,3320049,48.7,777,162.3,24.7,2052728,2815601,2178482,467037,637119,0,False,668,84.8,A,10256000.0,14.0,1.0,15.0
293,Desai Packaging Co #293,07ABCDE1293F1Z5,Micro-Manufacturing,UP - Moradabad,< Rs 40L,English,2934892,83.3,2845104,3548742,2306855,0.5,2910931,-34.0,647,116.2,42.2,2099010,2265732,2717668,648787,-451936,0,True,,61.5,C,2935000.0,24.0,2.0,26.0
294,Reddy Light Engineering #294,07ABCDE1294F1Z6,Micro-Manufacturing,Rajasthan - Bhilwara,Rs 3-5Cr,Gujarati,1938293,91.7,2001808,2365400,1481164,0.2,1742155,-27.0,730,184.8,209.8,1427800,1383237,975154,222869,408083,0,True,,74.9,B,3877000.0,18.0,1.5,19.5
295,Mehta Light Engineering #295,07ABCDE1295F1Z7,Micro-Manufacturing,UP - Moradabad,Rs 1-3Cr,Hindi,2550802,75.0,2645937,3176523,2307850,3.3,2540664,-28.7,555,196.7,-25.3,1900196,1886247,1598745,758194,287502,0,True,724,63.6,C,2551000.0,24.0,2.0,26.0
296,Rathi Agri Traders #296,07ABCDE1296F1Z8,Trading,Gujarat - Morbi,> Rs 5Cr,English,1808939,100.0,1728397,2113538,1372239,0.0,1631817,-26.4,673,193.2,509.3,1329824,1180811,1537572,201131,-356761,0,False,727,65.9,B,3618000.0,18.0,1.5,19.5
297,Shah Hardware Store #297,07ABCDE1297F1Z0,Trading,Gujarat - Morbi,Rs 1-3Cr,English,2526381,75.0,2357424,3121157,1963765,3.8,2098539,-9.2,705,136.7,-24.8,1579699,1750267,1775649,691808,-25382,0,True,751,64.2,C,2526000.0,24.0,2.0,26.0
298,Agarwal Grains #298,07ABCDE1298F1Z1,Micro-Manufacturing,UP - Moradabad,< Rs 40L,English,2536898,83.3,2487148,2993990,1950290,0.8,2338117,-31.4,524,99.5,9.2,1693862,1956228,1789356,963626,166872,0,True,,63.4,C,2537000.0,24.0,2.0,26.0
299,Patel Food Processing #299,07ABCDE1299F1Z2,Trading,Rajasthan - Bhilwara,> Rs 5Cr,Hindi,1315991,100.0,1300006,1644595,1031803,0.0,1396953,-10.7,744,190.7,12.9,913876,1248821,918979,442944,329842,0,False,,79.2,B,2632000.0,18.0,1.5,19.5
300,Singh Auto Parts #300,07ABCDE1300F1Z3,Micro-Manufacturing,UP - Moradabad,Rs 3-5Cr,Gujarati,2603387,91.7,2547418,3176768,2082357,0.2,2764557,-0.9,566,131.3,268.9,1908321,2341422,1594308,695799,747114,0,False,688,77.7,B,5207000.0,18.0,1.5,19.5
301,Malhotra Food Processing #301,07ABCDE1301F1Z4,Trading,Gujarat - Morbi,Rs 1-3Cr,Hindi,3023514,91.7,3146480,3662153,2299094,1.2,2950187,1.3,740,170.7,100.0,2065695,1835317,1621356,664599,213961,0,False,657,79.4,B,6047000.0,18.0,1.5,19.5
302,Sharma Auto Parts #302,07ABCDE1302F1Z5,Trading,Gujarat - Morbi,Rs 1-3Cr,Gujarati,449204,91.7,422926,545544,346345,1.5,385387,-18.3,425,142.3,-29.7,365518,366249,400410,118155,-34161,0,True,,59.4,C,449000.0,24.0,2.0,26.0
303,Singh Timber Traders #303,07ABCDE1303F1Z6,Micro-Manufacturing,Gujarat - Morbi,> Rs 5Cr,Hindi,2483173,100.0,2589689,3090087,1915246,0.0,2416316,-34.3,606,136.7,827.6,1638706,2400767,1876678,890370,524089,2,False,764,68.0,B,4966000.0,18.0,1.5,19.5
304,Rathi Food Processing #304,07ABCDE1304F1Z7,Micro-Manufacturing,Rajasthan - Bhilwara,< Rs 40L,English,2883376,83.3,2659732,3512306,2168080,1.5,2963478,-36.7,724,186.8,-48.8,2112546,2287846,2609621,360394,-321775,0,False,788,55.8,C,2883000.0,24.0,2.0,26.0
305,Sharma Kirana Wholesale #305,07ABCDE1305F1Z8,Micro-Manufacturing,Rajasthan - Bhilwara,Rs 1-3Cr,Marwari,1970552,91.7,1910915,2405033,1540282,1.3,2086261,21.9,635,172.3,36.7,1552704,1512595,1741875,577323,-229280,0,False,695,74.9,B,3941000.0,18.0,1.5,19.5
306,Shah Auto Parts #306,07ABCDE1306F1Z0,Micro-Manufacturing,Rajasthan - Bhilwara,> Rs 5Cr,Hindi,2389198,91.7,2333874,2831053,1904430,1.2,2246963,-7.3,865,141.2,-48.3,1828381,1665301,2096528,610909,-431227,0,False,787,63.3,C,2389000.0,24.0,2.0,26.0
307,Malhotra Ceramics #307,07ABCDE1307F1Z1,Micro-Manufacturing,UP - Moradabad,> Rs 5Cr,Gujarati,1262417,83.3,1188829,1474310,985446,3.2,1303489,-17.9,612,156.0,-0.5,802243,1141109,860316,350512,280793,2,True,654,60.6,C,1262000.0,24.0,2.0,26.0
308,Iyer Hardware Store #308,07ABCDE1308F1Z2,Micro-Manufacturing,Rajasthan - Bhilwara,Rs 1-3Cr,Marwari,3368097,83.3,3629380,4174331,2733000,1.9,3434074,-24.4,680,177.2,11.2,2318522,2269069,2980088,462996,-711019,0,False,725,60.0,C,3368000.0,24.0,2.0,26.0
309,Gupta Packaging Co #309,07ABCDE1309F1Z3,Trading,Rajasthan - Bhilwara,Rs 1-3Cr,Hindi,1780735,100.0,1641415,2102916,1338511,0.0,1808842,54.1,770,173.5,-8.6,1092472,1150822,1292921,439442,-142099,0,False,,81.1,A,5342000.0,14.0,1.0,15.0
310,Bansal Cloth House #310,07ABCDE1310F1Z4,Micro-Manufacturing,Gujarat - Morbi,< Rs 40L,Hindi,1233499,83.3,1214805,1447761,947726,1.8,1233493,30.1,577,187.8,-17.3,857662,1077718,790743,168580,286975,0,False,704,76.0,B,2467000.0,18.0,1.5,19.5
311,Desai Grains #311,07ABCDE1311F1Z5,Micro-Manufacturing,UP - Moradabad,> Rs 5Cr,Gujarati,2296997,83.3,2316306,2793311,1823381,2.8,2332918,14.8,516,148.2,111.5,1627982,2239923,1951104,434734,288819,1,True,767,71.0,B,4594000.0,18.0,1.5,19.5
312,Desai Hardware Store #312,07ABCDE1312F1Z6,Trading,Gujarat - Morbi,> Rs 5Cr,English,3401132,91.7,3572798,4076586,2638159,0.1,3913327,-19.3,634,172.0,-72.6,2382346,2827187,2633801,1346004,193386,1,False,736,63.9,C,3401000.0,24.0,2.0,26.0
313,Iyer Agri Traders #313,07ABCDE1313F1Z7,Trading,Gujarat - Morbi,Rs 1-3Cr,Marwari,591937,75.0,584525,728433,449864,3.3,586385,54.2,663,142.2,-79.9,422423,575994,507753,153476,68241,0,True,,73.1,B,1184000.0,18.0,1.5,19.5
314,Shah Light Engineering #314,07ABCDE1314F1Z8,Micro-Manufacturing,Rajasthan - Bhilwara,< Rs 40L,Gujarati,2533832,91.7,2608887,3136159,2028664,0.1,2539637,9.7,852,170.3,8.4,1640527,2425689,1977791,782878,447898,3,False,735,71.9,B,5068000.0,18.0,1.5,19.5
315,Chaudhary Textiles #315,07ABCDE1315F1Z0,Trading,Rajasthan - Bhilwara,Rs 40L-1Cr,Hindi,671938,75.0,639785,833246,516543,2.9,752551,0.5,690,180.8,101.3,487012,408880,628615,229677,-219735,3,True,748,59.1,C,672000.0,24.0,2.0,26.0
316,Pillai Plastics #316,07ABCDE1316F1Z1,Micro-Manufacturing,UP - Moradabad,Rs 40L-1Cr,English,2277590,91.7,2261121,2803486,1836554,0.1,2557002,41.8,457,152.7,-36.3,1486976,1562510,1416262,909553,146248,0,True,,75.3,B,4555000.0,18.0,1.5,19.5
317,Agarwal Cloth House #317,07ABCDE1317F1Z2,Trading,Rajasthan - Bhilwara,> Rs 5Cr,Hindi,3298466,83.3,3279727,4109650,2496920,2.1,2683800,-16.9,835,129.3,218.4,2287839,2696431,1695509,665265,1000922,0,False,,74.1,B,6597000.0,18.0,1.5,19.5
318,Desai Fertilizer Depot #318,07ABCDE1318F1Z3,Micro-Manufacturing,Gujarat - Morbi,Rs 3-5Cr,Marwari,259038,91.7,259894,308850,197510,0.6,254231,68.3,404,150.5,44.1,165601,249854,160977,32298,88877,3,True,654,69.3,B,518000.0,18.0,1.5,19.5
319,Gupta Plastics #319,07ABCDE1319F1Z4,Micro-Manufacturing,Gujarat - Morbi,> Rs 5Cr,English,906210,83.3,865779,1119401,738810,0.8,931009,-18.7,850,152.3,-46.1,617629,815299,631850,269329,183449,3,True,,61.3,C,906000.0,24.0,2.0,26.0
320,Desai Agri Traders #320,07ABCDE1320F1Z5,Trading,Rajasthan - Bhilwara,< Rs 40L,Marwari,509678,91.7,521280,624504,412143,1.1,513030,27.2,601,124.2,-10.1,335191,508467,358837,141753,149630,0,False,,78.1,B,1019000.0,18.0,1.5,19.5
321,Sharma Agri Traders #321,07ABCDE1321F1Z6,Micro-Manufacturing,UP - Moradabad,Rs 1-3Cr,English,3498401,91.7,3693426,4287211,2628436,1.6,3465028,-21.2,609,178.8,29.5,2694482,3161476,3265000,674190,-103524,3,False,,58.3,C,3498000.0,24.0,2.0,26.0
322,Verma Metal Works #322,07ABCDE1322F1Z7,Trading,Gujarat - Morbi,Rs 3-5Cr,Hindi,1314901,83.3,1341591,1591457,1046399,2.4,1309579,7.1,696,157.2,84.7,933693,943919,751809,168846,192110,1,True,734,73.4,B,2630000.0,18.0,1.5,19.5
323,Singh Fertilizer Depot #323,07ABCDE1323F1Z8,Trading,Rajasthan - Bhilwara,> Rs 5Cr,Marwari,2785456,75.0,2587233,2962536,2173814,1.2,2522161,14.5,729,128.8,-62.7,2032254,1678898,2018478,899859,-339580,0,False,775,64.8,C,2785000.0,24.0,2.0,26.0
324,Singh Auto Parts #324,07ABCDE1324F1Z0,Trading,UP - Moradabad,Rs 1-3Cr,Marwari,498438,100.0,522820,619774,405284,0.0,551922,-16.6,664,136.3,546.4,359754,460894,318212,95785,142682,0,True,,76.0,B,997000.0,18.0,1.5,19.5
325,Singh Auto Parts #325,07ABCDE1325F1Z1,Micro-Manufacturing,UP - Moradabad,< Rs 40L,English,1210227,75.0,1219378,1383080,1006683,3.9,1235687,-23.3,588,117.5,-50.0,753804,920473,774460,391135,146013,0,False,777,60.9,C,1210000.0,24.0,2.0,26.0
326,Singh Spice Traders #326,07ABCDE1326F1Z2,Trading,Gujarat - Morbi,Rs 40L-1Cr,Marwari,834324,75.0,832292,1006369,644760,0.7,917247,-1.9,686,182.0,-71.6,540666,808501,626702,252632,181799,1,False,,66.8,B,1669000.0,18.0,1.5,19.5
327,Patel Timber Traders #327,07ABCDE1327F1Z3,Trading,UP - Moradabad,> Rs 5Cr,Gujarati,619556,83.3,632444,757560,477156,0.2,591257,15.2,808,132.7,66.2,449078,581618,382149,185813,199469,0,True,741,83.3,A,1859000.0,14.0,1.0,15.0
328,Patel Hardware Store #328,07ABCDE1328F1Z4,Micro-Manufacturing,UP - Moradabad,< Rs 40L,Gujarati,3073352,91.7,3336751,3809765,2523279,0.1,3117329,36.1,706,152.3,64.5,2144597,2145283,2460175,1170072,-314892,2,False,,74.3,B,6147000.0,18.0,1.5,19.5
329,Mehta Plastics #329,07ABCDE1329F1Z5,Trading,UP - Moradabad,< Rs 40L,Marwari,2241569,100.0,2293213,2698409,1791552,0.0,2206251,37.0,832,183.8,-40.5,1395650,1793291,1244354,482569,548937,0,True,,84.1,A,6725000.0,14.0,1.0,15.0
330,Rathi Cloth House #330,07ABCDE1330F1Z6,Trading,UP - Moradabad,Rs 1-3Cr,Gujarati,1483999,91.7,1432792,1736677,1124830,1.6,1595725,61.9,644,211.2,-7.3,1067088,1250940,1013417,447494,237523,0,False,783,85.0,A,4452000.0,14.0,1.0,15.0
331,Reddy Food Processing #331,07ABCDE1331F1Z7,Micro-Manufacturing,UP - Moradabad,Rs 1-3Cr,Gujarati,3410739,91.7,3378638,4180789,2656578,0.1,3192551,44.6,517,150.2,1.6,2396061,2934939,2457584,961910,477355,3,False,,72.0,B,6821000.0,18.0,1.5,19.5
332,Shah Hardware Store #332,07ABCDE1332F1Z8,Trading,Gujarat - Morbi,< Rs 40L,Marwari,2467299,100.0,2228544,2907067,1886975,0.0,2711147,1.0,421,133.0,264.9,1697232,2332116,1722807,663605,609309,1,False,,73.9,B,4935000.0,18.0,1.5,19.5
333,Pillai Textiles #333,07ABCDE1333F1Z0,Trading,UP - Moradabad,< Rs 40L,Gujarati,3321867,66.7,3355703,4137894,2687179,6.0,3394907,-1.2,657,145.8,625.0,2469710,2021954,1727595,342381,294359,1,False,693,64.5,C,3322000.0,24.0,2.0,26.0
334,Bansal Ceramics #334,07ABCDE1334F1Z1,Micro-Manufacturing,Gujarat - Morbi,> Rs 5Cr,English,3407420,83.3,3685499,4241063,2850840,1.1,3446534,-30.7,607,226.2,-18.7,2396580,3177968,2912993,1110129,264975,0,True,,65.6,B,6815000.0,18.0,1.5,19.5
335,Sharma Electricals #335,07ABCDE1335F1Z2,Trading,Rajasthan - Bhilwara,Rs 40L-1Cr,English,386734,83.3,396617,480707,312849,1.4,420135,-2.2,688,163.5,435.3,282936,273882,226615,120485,47267,0,True,740,77.6,B,773000.0,18.0,1.5,19.5
336,Bansal Timber Traders #336,07ABCDE1336F1Z3,Micro-Manufacturing,UP - Moradabad,Rs 3-5Cr,English,570971,75.0,596462,661937,465710,2.4,618725,31.0,887,187.2,42.1,374120,457566,487023,183037,-29457,0,True,,80.2,A,1713000.0,14.0,1.0,15.0
337,Yadav Food Processing #337,07ABCDE1337F1Z4,Trading,Rajasthan - Bhilwara,Rs 1-3Cr,Hindi,225453,91.7,230639,274356,170061,0.5,232703,29.4,552,168.5,36.9,151833,158924,197039,45723,-38115,1,True,,70.1,B,451000.0,18.0,1.5,19.5
338,Singh Steel Traders #338,07ABCDE1338F1Z5,Trading,Rajasthan - Bhilwara,Rs 1-3Cr,Gujarati,228697,91.7,218691,267158,173954,1.6,212273,-12.0,742,134.2,-0.8,172558,147707,180513,77246,-32806,0,True,726,64.2,C,229000.0,24.0,2.0,26.0
339,Singh Timber Traders #339,07ABCDE1339F1Z6,Trading,Rajasthan - Bhilwara,Rs 3-5Cr,English,1356724,91.7,1402532,1624199,1096439,1.5,1275521,-19.5,668,200.7,-3.8,918956,1226942,684943,281765,541999,0,False,746,72.6,B,2713000.0,18.0,1.5,19.5
340,Patel Packaging Co #340,07ABCDE1340F1Z7,Micro-Manufacturing,Gujarat - Morbi,> Rs 5Cr,Hindi,979884,83.3,932713,1214690,750836,2.1,969085,-32.9,936,190.0,247.6,754277,746331,897649,362947,-151318,1,False,,63.5,C,980000.0,24.0,2.0,26.0
341,Jain Packaging Co #341,07ABCDE1341F1Z8,Micro-Manufacturing,Rajasthan - Bhilwara,< Rs 40L,Gujarati,400863,83.3,381100,477488,322694,1.4,414307,-13.4,630,173.3,15.2,298370,370130,208853,96695,161277,0,False,,73.1,B,802000.0,18.0,1.5,19.5
342,Mehta Electricals #342,07ABCDE1342F1Z0,Micro-Manufacturing,Gujarat - Morbi,> Rs 5Cr,Hindi,2824625,91.7,2814736,3433236,2228275,0.8,3144260,-24.9,629,137.3,-13.6,2075848,2024619,1450708,890855,573911,0,True,672,67.7,B,5649000.0,18.0,1.5,19.5
343,Gupta Kirana Wholesale #343,07ABCDE1343F1Z1,Micro-Manufacturing,Gujarat - Morbi,Rs 1-3Cr,Hindi,623766,100.0,631881,779501,468445,0.0,680041,6.6,608,150.8,-30.6,479360,537448,338030,62652,199418,2,True,,65.7,B,1248000.0,18.0,1.5,19.5
344,Chaudhary Steel Traders #344,07ABCDE1344F1Z2,Micro-Manufacturing,Gujarat - Morbi,Rs 3-5Cr,English,2021777,91.7,2023318,2487735,1546852,0.5,2111093,-11.0,572,94.8,6.5,1256193,1727084,1742790,805232,-15706,0,True,721,66.2,B,4044000.0,18.0,1.5,19.5
345,Desai Spice Traders #345,07ABCDE1345F1Z3,Micro-Manufacturing,UP - Moradabad,> Rs 5Cr,Gujarati,2842428,83.3,2894778,3491673,2158209,0.5,2482079,-35.4,823,163.5,8.2,2178683,2645810,1769098,1032240,876712,0,False,,72.0,B,5685000.0,18.0,1.5,19.5
346,Verma Cloth House #346,07ABCDE1346F1Z4,Micro-Manufacturing,Gujarat - Morbi,Rs 40L-1Cr,Hindi,1309495,100.0,1292356,1615779,1030369,0.0,1215587,-0.6,888,214.0,5.1,970671,1028734,946692,370946,82042,0,True,,78.7,B,2619000.0,18.0,1.5,19.5
347,Pillai Ceramics #347,07ABCDE1347F1Z5,Trading,Gujarat - Morbi,> Rs 5Cr,Hindi,2344700,75.0,2455200,2869358,1837469,1.9,2125153,-4.6,823,105.7,-19.7,1345271,2281381,2220423,535604,60958,2,False,793,59.0,C,2345000.0,24.0,2.0,26.0
348,Yadav Steel Traders #348,07ABCDE1348F1Z6,Micro-Manufacturing,UP - Moradabad,Rs 40L-1Cr,Gujarati,2872250,100.0,2843461,3572701,2163849,0.0,2762737,-8.4,705,169.2,-64.6,1891553,2680758,2398026,790295,282732,1,True,,66.9,B,5744000.0,18.0,1.5,19.5
349,Verma Ceramics #349,07ABCDE1349F1Z7,Trading,Gujarat - Morbi,Rs 3-5Cr,Marwari,3219233,100.0,3360482,4018096,2414562,0.0,3333232,-27.7,736,103.3,76.9,2268152,3006979,1987095,1015648,1019884,0,True,,75.7,B,6438000.0,18.0,1.5,19.5
350,Kapoor Textiles #350,07ABCDE1350F1Z8,Micro-Manufacturing,Rajasthan - Bhilwara,< Rs 40L,Marwari,161294,91.7,162980,200384,125049,0.7,162941,-33.4,618,170.5,249.3,116177,100356,94428,63813,5928,0,True,,70.1,B,323000.0,18.0,1.5,19.5
351,Agarwal Ceramics #351,07ABCDE1351F1Z0,Micro-Manufacturing,UP - Moradabad,Rs 3-5Cr,English,328510,83.3,313920,395931,254109,1.8,326051,4.7,828,114.7,-74.4,237462,295119,285900,89252,9219,1,True,,64.6,C,329000.0,24.0,2.0,26.0
352,Jain Ceramics #352,07ABCDE1352F1Z1,Trading,UP - Moradabad,> Rs 5Cr,Marwari,1191014,83.3,1142429,1474608,1035411,1.8,1151131,3.3,484,114.0,17.1,801665,933787,794361,286137,139426,0,False,,71.0,B,2382000.0,18.0,1.5,19.5
353,Sharma Kirana Wholesale #353,07ABCDE1353F1Z2,Trading,Rajasthan - Bhilwara,< Rs 40L,Gujarati,330346,91.7,308427,409873,267708,1.5,369133,-22.4,827,213.8,-34.7,228740,202235,166731,77523,35504,0,True,753,72.3,B,661000.0,18.0,1.5,19.5
354,Agarwal Agri Traders #354,07ABCDE1354F1Z3,Micro-Manufacturing,UP - Moradabad,< Rs 40L,Hindi,2263794,58.3,2175672,2794233,1767840,3.9,2437293,-14.0,726,199.3,12.3,1585486,2222905,1513153,544696,709752,1,True,772,67.2,B,4528000.0,18.0,1.5,19.5
355,Pillai Hardware Store #355,07ABCDE1355F1Z4,Micro-Manufacturing,Rajasthan - Bhilwara,Rs 1-3Cr,Hindi,2514169,91.7,2523639,3060713,1935807,1.0,2469628,3.3,630,85.8,22.2,1478470,1803498,1497408,475370,306090,0,True,,72.5,B,5028000.0,18.0,1.5,19.5
356,Reddy Textiles #356,07ABCDE1356F1Z5,Trading,Rajasthan - Bhilwara,Rs 1-3Cr,Hindi,1526804,100.0,1604472,1877509,1147988,0.0,1628895,28.2,734,165.8,205.7,1070509,1402307,856342,284442,545965,1,False,,83.1,A,4580000.0,14.0,1.0,15.0
357,Singh Auto Parts #357,07ABCDE1357F1Z6,Trading,Gujarat - Morbi,> Rs 5Cr,Hindi,2982822,83.3,3001494,3661711,2240726,1.8,3197250,24.4,689,166.2,53.9,2212186,2310516,1781983,416212,528533,0,True,675,78.0,B,5966000.0,18.0,1.5,19.5
358,Yadav Metal Works #358,07ABCDE1358F1Z7,Trading,UP - Moradabad,> Rs 5Cr,Marwari,2920475,83.3,2956420,3561587,2426353,1.9,2550347,-6.5,672,198.7,29.3,2197313,2631976,1886788,667370,745188,0,False,749,75.9,B,5841000.0,18.0,1.5,19.5
359,Yadav Packaging Co #359,07ABCDE1359F1Z8,Micro-Manufacturing,Gujarat - Morbi,Rs 3-5Cr,Hindi,796616,100.0,758408,976286,600413,0.0,753835,47.5,746,175.8,2.9,523949,723276,609353,192536,113923,0,False,701,85.9,A,2390000.0,14.0,1.0,15.0
360,Desai Electricals #360,07ABCDE1360F1Z0,Micro-Manufacturing,Gujarat - Morbi,Rs 40L-1Cr,Gujarati,2299826,91.7,2455541,2826867,1777284,1.7,2228590,5.3,815,154.2,-78.2,1578788,1705493,1946879,748679,-241386,0,True,653,64.6,C,2300000.0,24.0,2.0,26.0
361,Desai Timber Traders #361,07ABCDE1361F1Z1,Trading,UP - Moradabad,Rs 40L-1Cr,English,2988833,91.7,2907271,3503486,2269777,0.6,3063625,30.8,796,203.5,-69.3,2333646,2175870,2357066,1082368,-181196,0,True,,75.1,B,5978000.0,18.0,1.5,19.5
362,Chaudhary Metal Works #362,07ABCDE1362F1Z2,Micro-Manufacturing,UP - Moradabad,> Rs 5Cr,Gujarati,1950878,91.7,1935835,2420772,1493521,1.1,2082407,28.4,660,152.0,-23.4,1317124,1700626,1478656,216105,221970,1,True,,70.2,B,3902000.0,18.0,1.5,19.5
363,Verma Packaging Co #363,07ABCDE1363F1Z3,Trading,UP - Moradabad,Rs 3-5Cr,Hindi,2104610,83.3,2101158,2619011,1620330,2.6,2241563,36.5,821,160.7,33.8,1487554,1723105,1198804,568500,524301,1,False,,82.5,A,6314000.0,14.0,1.0,15.0
364,Chaudhary Fertilizer Depot #364,07ABCDE1364F1Z4,Trading,Rajasthan - Bhilwara,Rs 1-3Cr,English,1835229,91.7,1797027,2262584,1419618,0.3,1865253,-4.1,786,114.2,-65.7,1255183,1573677,1351020,523701,222657,0,True,,70.7,B,3670000.0,18.0,1.5,19.5
365,Desai Plastics #365,07ABCDE1365F1Z5,Micro-Manufacturing,Rajasthan - Bhilwara,Rs 40L-1Cr,English,589020,91.7,582152,727987,456904,1.1,600763,25.7,808,134.3,300.0,467988,497876,421676,192912,76200,0,False,,84.0,A,1767000.0,14.0,1.0,15.0
366,Chaudhary Plastics #366,07ABCDE1366F1Z6,Micro-Manufacturing,Gujarat - Morbi,< Rs 40L,Gujarati,2928920,83.3,2985458,3650408,2501850,2.7,3037893,-19.0,630,131.8,-74.4,1879406,2403836,2315278,1121300,88558,2,False,726,55.6,C,2929000.0,24.0,2.0,26.0
367,Agarwal Spice Traders #367,07ABCDE1367F1Z7,Trading,Rajasthan - Bhilwara,Rs 40L-1Cr,Gujarati,2509097,91.7,2513423,3100106,1917792,0.4,2521339,20.9,790,139.8,-22.1,1501350,2480944,1879757,921669,601187,0,True,,79.6,B,5018000.0,18.0,1.5,19.5
368,Desai Hardware Store #368,07ABCDE1368F1Z8,Micro-Manufacturing,Rajasthan - Bhilwara,Rs 40L-1Cr,English,1307955,91.7,1318279,1572551,1015330,1.6,1432947,11.2,804,154.8,261.4,919680,1268904,804546,346343,464358,0,False,708,82.8,A,3924000.0,14.0,1.0,15.0
369,Nair Light Engineering #369,07ABCDE1369F1Z0,Trading,Rajasthan - Bhilwara,Rs 3-5Cr,Hindi,427263,91.7,401657,496458,338326,0.8,431153,-12.0,537,135.2,-85.0,282724,350099,319146,55200,30953,0,False,,62.1,C,427000.0,24.0,2.0,26.0
370,Jain Textiles #370,07ABCDE1370F1Z1,Micro-Manufacturing,Rajasthan - Bhilwara,Rs 40L-1Cr,Hindi,1855178,91.7,1751534,2297458,1393516,0.5,1667988,13.6,595,170.2,-51.1,1222114,1319310,953892,363345,365418,2,True,,67.4,B,3710000.0,18.0,1.5,19.5
371,Malhotra Electricals #371,07ABCDE1371F1Z2,Trading,Rajasthan - Bhilwara,Rs 3-5Cr,Marwari,550999,100.0,543938,677971,444620,0.0,537955,-8.4,716,220.8,29.1,378122,409108,482497,70326,-73389,0,True,753,70.6,B,1102000.0,18.0,1.5,19.5
372,Reddy Plastics #372,07ABCDE1372F1Z3,Trading,Gujarat - Morbi,> Rs 5Cr,Hindi,811467,83.3,855573,993630,709714,2.5,816811,-14.9,671,221.2,-25.9,618230,626181,649936,87508,-23755,1,False,,60.2,C,811000.0,24.0,2.0,26.0
373,Yadav Ceramics #373,07ABCDE1373F1Z4,Micro-Manufacturing,Gujarat - Morbi,< Rs 40L,Hindi,1891812,83.3,1874954,2325912,1436924,0.6,2012505,25.5,714,167.3,-47.3,1268562,1483187,1582733,521239,-99546,1,True,,68.0,B,3784000.0,18.0,1.5,19.5
374,Sharma Textiles #374,07ABCDE1374F1Z5,Micro-Manufacturing,Gujarat - Morbi,Rs 40L-1Cr,Hindi,911358,83.3,891054,1037157,698960,2.2,911899,24.9,662,173.5,-20.6,602570,909161,828350,116054,80811,0,True,671,69.4,B,1823000.0,18.0,1.5,19.5
375,Patel Auto Parts #375,07ABCDE1375F1Z6,Trading,Gujarat - Morbi,Rs 3-5Cr,Gujarati,781335,100.0,748447,976376,601454,0.0,788167,8.6,520,135.5,-35.8,615194,677888,392182,305654,285706,0,True,,73.6,B,1563000.0,18.0,1.5,19.5
376,Kapoor Packaging Co #376,07ABCDE1376F1Z7,Micro-Manufacturing,Rajasthan - Bhilwara,Rs 3-5Cr,Gujarati,1480071,100.0,1367519,1626006,1169027,0.0,1217048,19.7,646,175.8,-48.7,956189,1262794,928519,467997,334275,0,True,720,78.8,B,2960000.0,18.0,1.5,19.5
377,Jain Steel Traders #377,07ABCDE1377F1Z8,Trading,UP - Moradabad,Rs 1-3Cr,English,2275184,91.7,2204400,2749576,1804701,1.0,1921145,17.6,609,127.8,-54.9,1688582,2264513,1960965,295972,303548,0,False,,68.1,B,4550000.0,18.0,1.5,19.5
378,Reddy Agri Traders #378,07ABCDE1378F1Z0,Micro-Manufacturing,UP - Moradabad,> Rs 5Cr,Hindi,737231,100.0,690227,897951,564700,0.0,783869,63.7,661,166.5,75.7,483720,463803,665520,96354,-201717,0,True,712,78.1,B,1474000.0,18.0,1.5,19.5
379,Rathi Agri Traders #379,07ABCDE1379F1Z1,Trading,Rajasthan - Bhilwara,Rs 1-3Cr,Marwari,2900567,91.7,3015290,3518878,2556323,1.7,2977627,-9.1,756,150.0,-11.7,2149122,1797004,1839298,1067869,-42294,0,True,,70.6,B,5801000.0,18.0,1.5,19.5
380,Rathi Hardware Store #380,07ABCDE1380F1Z2,Trading,Rajasthan - Bhilwara,Rs 40L-1Cr,Gujarati,2078112,83.3,1991453,2521210,1603503,1.8,2087643,-31.2,560,144.2,717.4,1403634,1508979,1302570,804242,206409,2,False,794,62.5,C,2078000.0,24.0,2.0,26.0
381,Singh Textiles #381,07ABCDE1381F1Z3,Micro-Manufacturing,UP - Moradabad,> Rs 5Cr,Hindi,2046573,100.0,2055414,2487525,1597794,0.0,2068864,12.1,521,96.3,-63.6,1553088,1707962,1483868,390120,224094,1,True,,64.8,C,2047000.0,24.0,2.0,26.0
382,Patel Spice Traders #382,07ABCDE1382F1Z4,Micro-Manufacturing,Rajasthan - Bhilwara,Rs 3-5Cr,Marwari,595615,75.0,579737,743774,447443,1.5,537567,38.8,712,216.3,-4.2,429149,533692,462627,228414,71065,0,True,676,78.3,B,1191000.0,18.0,1.5,19.5
383,Mehta Agri Traders #383,07ABCDE1383F1Z5,Trading,UP - Moradabad,Rs 1-3Cr,Marwari,1575985,83.3,1481987,1832796,1228018,3.0,1420463,12.7,540,120.8,-87.6,1095749,1099937,1376749,523026,-276812,0,True,688,57.7,C,1576000.0,24.0,2.0,26.0
384,Desai Light Engineering #384,07ABCDE1384F1Z6,Micro-Manufacturing,UP - Moradabad,< Rs 40L,Gujarati,1595271,83.3,1615262,1910749,1253546,1.8,1579419,3.8,747,177.3,19.8,1288011,1580867,984409,370718,596458,0,False,,77.3,B,3191000.0,18.0,1.5,19.5
385,Iyer Metal Works #385,07ABCDE1385F1Z7,Trading,UP - Moradabad,Rs 40L-1Cr,Marwari,1856226,100.0,1999997,2293083,1558601,0.0,1667713,1.6,660,184.7,11.7,1340479,1600392,1311479,299007,288913,0,False,,77.0,B,3712000.0,18.0,1.5,19.5
386,Sharma Metal Works #386,07ABCDE1386F1Z8,Micro-Manufacturing,Rajasthan - Bhilwara,Rs 1-3Cr,Hindi,2855777,91.7,2834556,3403059,2148035,0.4,2592907,30.8,723,224.0,0.0,1851381,2096789,2298130,805263,-201341,0,False,684,77.3,B,5712000.0,18.0,1.5,19.5
387,Iyer Metal Works #387,07ABCDE1387F1Z0,Micro-Manufacturing,UP - Moradabad,< Rs 40L,Hindi,626995,75.0,605030,742075,489060,1.8,610755,10.8,694,177.2,-85.4,412988,379212,573686,159818,-194474,0,False,,62.8,C,627000.0,24.0,2.0,26.0
388,Shah Textiles #388,07ABCDE1388F1Z1,Trading,Gujarat - Morbi,Rs 1-3Cr,Gujarati,799142,100.0,809204,954406,633394,0.0,752785,14.8,377,229.0,41.2,569556,530381,543481,113963,-13100,0,True,,74.3,B,1598000.0,18.0,1.5,19.5
389,Patel Textiles #389,07ABCDE1389F1Z2,Trading,Gujarat - Morbi,Rs 1-3Cr,English,1933931,83.3,1930630,2290747,1456694,1.6,1871511,47.1,609,221.8,-0.4,1281982,1873237,1139643,646067,733594,0,False,,84.4,A,5802000.0,14.0,1.0,15.0
390,Mehta Timber Traders #390,07ABCDE1390F1Z3,Trading,UP - Moradabad,Rs 1-3Cr,Marwari,961438,100.0,915568,1167147,745993,0.0,855778,-16.2,684,157.0,-27.5,685545,869231,586231,276057,283000,0,False,772,73.6,B,1923000.0,18.0,1.5,19.5
391,Bansal Fertilizer Depot #391,07ABCDE1391F1Z4,Trading,Gujarat - Morbi,Rs 3-5Cr,English,3457589,91.7,3189755,4026023,2608601,0.9,3425931,-15.0,689,160.2,18.1,2918668,3204890,2363091,724227,841799,1,False,,70.8,B,6915000.0,18.0,1.5,19.5
392,Pillai Textiles #392,07ABCDE1392F1Z5,Trading,UP - Moradabad,Rs 1-3Cr,English,1366760,83.3,1363049,1564879,1026856,2.2,1529939,-15.8,440,156.3,101.9,1031817,1357136,825233,423293,531903,0,False,696,72.1,B,2734000.0,18.0,1.5,19.5
393,Agarwal Auto Parts #393,07ABCDE1393F1Z6,Micro-Manufacturing,Rajasthan - Bhilwara,Rs 3-5Cr,English,2806492,100.0,2816915,3482004,2139574,0.0,2775785,-23.0,672,133.0,-44.0,2159838,2142130,2493796,825927,-351666,1,False,759,58.1,C,2806000.0,24.0,2.0,26.0
394,Iyer Auto Parts #394,07ABCDE1394F1Z7,Micro-Manufacturing,Rajasthan - Bhilwara,Rs 3-5Cr,English,2910699,100.0,2703402,3462418,2199314,0.0,2809375,4.0,631,165.2,-20.8,2176244,2366050,1870675,1098158,495375,2,True,,70.7,B,5821000.0,18.0,1.5,19.5
395,Rathi Food Processing #395,07ABCDE1395F1Z8,Trading,UP - Moradabad,Rs 3-5Cr,English,2547703,83.3,2656400,3118253,1999909,2.7,2535577,-7.6,330,107.3,271.7,1799548,1713236,1534170,399249,179066,0,True,654,62.5,C,2548000.0,24.0,2.0,26.0
396,Malhotra Metal Works #396,07ABCDE1396F1Z0,Micro-Manufacturing,Gujarat - Morbi,Rs 40L-1Cr,Marwari,233101,91.7,240384,284988,185550,0.9,253493,1.5,820,208.8,88.1,158858,209561,144627,37177,64934,0,True,,81.6,A,699000.0,14.0,1.0,15.0
397,Nair Kirana Wholesale #397,07ABCDE1397F1Z1,Micro-Manufacturing,Gujarat - Morbi,Rs 1-3Cr,Hindi,2224181,91.7,2220441,2752865,1673224,1.2,2054332,-7.9,555,162.3,628.0,1486065,2035987,1457754,642044,578233,0,False,666,76.8,B,4448000.0,18.0,1.5,19.5
398,Desai Cloth House #398,07ABCDE1398F1Z2,Micro-Manufacturing,UP - Moradabad,< Rs 40L,Marwari,1636240,83.3,1550080,1929513,1246127,1.3,1676127,-6.4,722,174.3,-7.0,1109011,1205726,877206,473816,328520,0,False,670,74.8,B,3272000.0,18.0,1.5,19.5
399,Singh Timber Traders #399,07ABCDE1399F1Z3,Micro-Manufacturing,UP - Moradabad,< Rs 40L,English,2941570,83.3,3054790,3532644,2412671,2.2,2800840,-2.1,747,167.3,378.4,2130820,2872178,1882146,322825,990032,0,True,686,74.3,B,5883000.0,18.0,1.5,19.5
400,Bansal Agri Traders #400,07ABCDE1400F1Z4,Micro-Manufacturing,UP - Moradabad,Rs 40L-1Cr,Hindi,3340141,83.3,3297472,4067890,2726414,1.4,3023379,24.9,479,147.8,-56.9,2300057,2549195,2697143,448940,-147948,0,False,,64.1,C,3340000.0,24.0,2.0,26.0
401,Chaudhary Timber Traders #401,07ABCDE1401F1Z5,Micro-Manufacturing,Gujarat - Morbi,Rs 1-3Cr,Gujarati,1942480,83.3,1876207,2282843,1530204,1.6,1826431,-41.6,531,167.2,-36.6,1359359,1517146,1317915,332789,199231,1,False,702,55.8,C,1942000.0,24.0,2.0,26.0
402,Sharma Spice Traders #402,07ABCDE1402F1Z6,Trading,Rajasthan - Bhilwara,Rs 40L-1Cr,Gujarati,2773259,75.0,2561619,3312194,2175354,3.2,2843414,-4.8,644,151.7,-69.9,1935651,2056192,1487455,858669,568737,0,False,,67.7,B,5547000.0,18.0,1.5,19.5
403,Singh Steel Traders #403,07ABCDE1403F1Z7,Micro-Manufacturing,Gujarat - Morbi,Rs 3-5Cr,Hindi,2501446,91.7,2520057,3045185,1976771,0.3,2609866,26.3,670,175.7,35.6,1782742,1599370,1863606,889568,-264236,0,False,692,76.8,B,5003000.0,18.0,1.5,19.5
404,Bansal Cloth House #404,07ABCDE1404F1Z8,Micro-Manufacturing,UP - Moradabad,< Rs 40L,Gujarati,1416369,91.7,1314021,1763627,1112995,0.8,1391913,-24.8,823,139.2,-68.1,1048428,1250340,1312433,189913,-62093,0,False,,60.7,C,1416000.0,24.0,2.0,26.0
405,Malhotra Spice Traders #405,07ABCDE1405F1Z0,Trading,Gujarat - Morbi,Rs 3-5Cr,Hindi,359210,83.3,348480,419649,289920,3.0,353509,-5.0,693,173.2,-10.8,246247,250477,340142,57486,-89665,0,True,743,62.2,C,359000.0,24.0,2.0,26.0
406,Singh Plastics #406,07ABCDE1406F1Z1,Micro-Manufacturing,Gujarat - Morbi,Rs 40L-1Cr,English,1905536,83.3,1864025,2360987,1474276,0.8,1929405,-2.4,480,147.3,8.9,1346989,1832215,1656192,324562,176023,0,True,681,65.0,B,3811000.0,18.0,1.5,19.5
407,Iyer Plastics #407,07ABCDE1407F1Z2,Trading,Rajasthan - Bhilwara,< Rs 40L,Marwari,760270,83.3,806607,916420,596713,1.5,702315,-7.0,656,194.8,31.6,556012,647639,693062,83350,-45423,3,True,677,56.1,C,760000.0,24.0,2.0,26.0
408,Nair Agri Traders #408,07ABCDE1408F1Z3,Micro-Manufacturing,Rajasthan - Bhilwara,Rs 1-3Cr,Hindi,1829651,91.7,1700024,2032599,1398569,0.6,1851995,47.8,591,150.5,23.7,1109238,1537582,1276452,375647,261130,2,False,781,76.8,B,3659000.0,18.0,1.5,19.5
409,Reddy Hardware Store #409,07ABCDE1409F1Z4,Micro-Manufacturing,Rajasthan - Bhilwara,Rs 40L-1Cr,English,2719802,91.7,2503213,3131453,2092794,1.7,2567049,23.2,749,184.7,-39.9,1854305,1649551,2120086,460050,-470535,1,False,688,65.6,B,5440000.0,18.0,1.5,19.5
410,Bansal Fertilizer Depot #410,07ABCDE1410F1Z5,Trading,Gujarat - Morbi,> Rs 5Cr,Marwari,1283128,100.0,1234412,1568440,1028124,0.0,1255296,17.6,836,159.0,944.0,890137,792871,905962,437251,-113091,0,False,800,80.2,A,3849000.0,14.0,1.0,15.0
411,Sharma Fertilizer Depot #411,07ABCDE1411F1Z6,Micro-Manufacturing,UP - Moradabad,Rs 1-3Cr,Marwari,1040310,91.7,1066591,1281074,807015,0.3,937613,-15.6,874,144.0,88.3,701029,913098,974089,218861,-60991,2,True,733,65.1,B,2081000.0,18.0,1.5,19.5
412,Pillai Steel Traders #412,07ABCDE1412F1Z7,Trading,Rajasthan - Bhilwara,> Rs 5Cr,Gujarati,1863492,100.0,2015394,2311044,1513501,0.0,1965927,-10.1,686,133.5,-56.2,1286419,1177329,1572521,431924,-395192,0,True,,62.5,C,1863000.0,24.0,2.0,26.0
413,Agarwal Grains #413,07ABCDE1413F1Z8,Micro-Manufacturing,Gujarat - Morbi,Rs 1-3Cr,English,768365,91.7,797878,924554,665645,0.6,765814,5.7,696,224.0,-29.6,533292,617593,695968,204600,-78375,2,False,,65.0,B,1537000.0,18.0,1.5,19.5
414,Gupta Hardware Store #414,07ABCDE1414F1Z0,Trading,Rajasthan - Bhilwara,Rs 3-5Cr,Hindi,1346465,100.0,1313758,1595031,1064055,0.0,1346473,53.3,651,213.0,12.3,900794,992051,782473,215549,209578,0,True,,86.8,A,4039000.0,14.0,1.0,15.0
415,Nair Light Engineering #415,07ABCDE1415F1Z1,Trading,Rajasthan - Bhilwara,Rs 1-3Cr,Marwari,2543353,83.3,2556729,2943845,2009693,2.3,2668195,-25.0,892,146.0,-81.7,1825385,1692928,1537969,431014,154959,1,True,,60.9,C,2543000.0,24.0,2.0,26.0
416,Patel Grains #416,07ABCDE1416F1Z2,Trading,Gujarat - Morbi,> Rs 5Cr,Gujarati,3003842,91.7,2674134,3365278,2388487,1.1,3469041,49.0,714,145.3,-49.6,1987695,2229261,2007316,541474,221945,2,False,,72.5,B,6008000.0,18.0,1.5,19.5
417,Patel Agri Traders #417,07ABCDE1417F1Z3,Micro-Manufacturing,Gujarat - Morbi,Rs 3-5Cr,Hindi,2824688,91.7,2962582,3493384,2355489,1.5,3170575,-1.7,491,120.3,-59.8,1989784,2525842,1541494,336121,984348,0,False,,64.9,C,2825000.0,24.0,2.0,26.0
418,Singh Food Processing #418,07ABCDE1418F1Z4,Micro-Manufacturing,UP - Moradabad,< Rs 40L,Marwari,974775,83.3,994124,1144860,852664,0.3,904073,-21.3,564,144.8,-8.1,737876,621237,513212,317900,108025,1,True,,65.6,B,1950000.0,18.0,1.5,19.5
419,Singh Packaging Co #419,07ABCDE1419F1Z5,Micro-Manufacturing,UP - Moradabad,Rs 3-5Cr,Hindi,2396247,100.0,2274234,2905515,1810511,0.0,2139975,-32.6,708,165.7,-58.0,1828098,1616284,1971508,271755,-355224,0,False,655,57.1,C,2396000.0,24.0,2.0,26.0
420,Iyer Agri Traders #420,07ABCDE1420F1Z6,Trading,UP - Moradabad,> Rs 5Cr,Hindi,1358111,83.3,1347644,1674577,1027270,2.7,1263360,1.2,870,63.2,22.4,1044403,1286476,1018862,139527,267614,0,True,,69.5,B,2716000.0,18.0,1.5,19.5
421,Kapoor Steel Traders #421,07ABCDE1421F1Z7,Trading,UP - Moradabad,Rs 1-3Cr,English,1019540,100.0,1050645,1214631,883614,0.0,1100339,28.9,739,200.7,1.0,753578,967599,582649,379136,384950,1,True,678,82.4,A,3059000.0,14.0,1.0,15.0
422,Malhotra Timber Traders #422,07ABCDE1422F1Z8,Micro-Manufacturing,UP - Moradabad,> Rs 5Cr,Marwari,325046,100.0,307292,347659,256680,0.0,350047,43.2,786,133.8,52.8,256558,275485,224600,65137,50885,0,False,668,89.1,A,975000.0,14.0,1.0,15.0
423,Mehta Kirana Wholesale #423,07ABCDE1423F1Z0,Micro-Manufacturing,UP - Moradabad,> Rs 5Cr,Marwari,1998009,75.0,2007578,2432940,1559471,1.7,2067464,-25.5,606,179.3,139.7,1504352,1987431,1435942,756372,551489,0,False,738,72.8,B,3996000.0,18.0,1.5,19.5
424,Kapoor Agri Traders #424,07ABCDE1424F1Z1,Micro-Manufacturing,Rajasthan - Bhilwara,Rs 1-3Cr,Gujarati,2182374,91.7,2236296,2570609,1683236,0.4,2393879,-16.2,647,179.7,-68.6,1403190,2034091,1171899,729748,862192,0,True,,70.8,B,4365000.0,18.0,1.5,19.5
425,Iyer Cloth House #425,07ABCDE1425F1Z2,Micro-Manufacturing,Gujarat - Morbi,Rs 1-3Cr,English,437400,83.3,435191,524418,361549,1.6,433603,10.6,841,119.8,120.4,312550,344080,414370,130868,-70290,0,True,768,73.8,B,875000.0,18.0,1.5,19.5
426,Rathi Spice Traders #426,07ABCDE1426F1Z3,Trading,Rajasthan - Bhilwara,Rs 3-5Cr,Marwari,2931714,100.0,2678049,3615395,2303970,0.0,3256330,18.2,670,154.3,202.3,2099668,2527373,2735431,558742,-208058,0,False,,77.2,B,5863000.0,18.0,1.5,19.5
427,Agarwal Textiles #427,07ABCDE1427F1Z4,Micro-Manufacturing,UP - Moradabad,Rs 40L-1Cr,English,3171426,66.7,3206500,3867284,2418843,3.9,3245457,-3.8,663,154.7,58.4,2342804,2520404,1928445,1153629,591959,1,True,661,68.5,B,6343000.0,18.0,1.5,19.5
428,Patel Kirana Wholesale #428,07ABCDE1428F1Z5,Trading,UP - Moradabad,Rs 40L-1Cr,Hindi,1282842,91.7,1252365,1512002,966814,0.8,1372877,19.2,596,224.0,-29.1,892391,1180173,723100,323242,457073,1,False,676,74.2,B,2566000.0,18.0,1.5,19.5
429,Kapoor Cloth House #429,07ABCDE1429F1Z6,Trading,UP - Moradabad,Rs 1-3Cr,Gujarati,1256684,91.7,1269521,1487120,994419,1.3,1338395,-11.4,554,158.0,228.0,851437,1226070,775470,378548,450600,0,True,,76.2,B,2513000.0,18.0,1.5,19.5
430,Chaudhary Textiles #430,07ABCDE1430F1Z7,Micro-Manufacturing,Gujarat - Morbi,< Rs 40L,English,400253,75.0,410899,494577,302304,4.0,348049,3.0,708,157.7,-43.3,264139,253490,206791,126230,46699,0,False,749,69.0,B,801000.0,18.0,1.5,19.5
431,Yadav Grains #431,07ABCDE1431F1Z8,Trading,UP - Moradabad,Rs 40L-1Cr,Hindi,1401445,83.3,1457739,1750439,1098021,2.1,1297198,25.6,514,168.0,48.2,953648,1337196,906485,175654,430711,0,True,,77.0,B,2803000.0,18.0,1.5,19.5
432,Mehta Agri Traders #432,07ABCDE1432F1Z0,Micro-Manufacturing,UP - Moradabad,< Rs 40L,English,1426151,75.0,1328246,1706569,1088741,3.4,1370231,6.1,740,173.5,-88.5,1072619,983725,921391,550851,62334,1,True,766,65.8,B,2852000.0,18.0,1.5,19.5
433,Desai Hardware Store #433,07ABCDE1433F1Z1,Micro-Manufacturing,Gujarat - Morbi,Rs 3-5Cr,Gujarati,1097066,83.3,1104547,1360375,887014,1.8,1247946,-0.7,762,215.8,234.2,660095,828241,833196,207140,-4955,0,True,702,74.0,B,2194000.0,18.0,1.5,19.5
434,Rathi Fertilizer Depot #434,07ABCDE1434F1Z2,Trading,Gujarat - Morbi,< Rs 40L,Marwari,3260676,91.7,3229940,4000617,2512155,1.2,3059733,-22.5,808,98.0,-13.8,1930560,2725125,1967502,599889,757623,0,False,657,69.5,B,6521000.0,18.0,1.5,19.5
435,Patel Electricals #435,07ABCDE1435F1Z3,Micro-Manufacturing,Rajasthan - Bhilwara,Rs 40L-1Cr,English,2716796,83.3,2728206,3207837,2182448,2.5,2652935,-6.5,640,113.7,-52.3,1874092,2271341,1517405,371394,753936,2,True,,59.1,C,2717000.0,24.0,2.0,26.0
436,Sharma Auto Parts #436,07ABCDE1436F1Z4,Micro-Manufacturing,UP - Moradabad,Rs 3-5Cr,Marwari,2414695,91.7,2449100,2880185,1947572,0.6,2145131,10.8,433,155.5,313.6,1681500,2121238,1267712,884777,853526,0,False,,79.1,B,4829000.0,18.0,1.5,19.5
437,Iyer Hardware Store #437,07ABCDE1437F1Z5,Micro-Manufacturing,Gujarat - Morbi,Rs 40L-1Cr,Marwari,1210581,91.7,1183387,1453960,941470,1.0,1083558,-11.1,654,144.8,102.3,817164,1137164,689585,383931,447579,0,False,794,77.8,B,2421000.0,18.0,1.5,19.5
438,Verma Electricals #438,07ABCDE1438F1Z6,Micro-Manufacturing,Gujarat - Morbi,Rs 1-3Cr,English,2605725,91.7,2614150,3250536,2117012,1.2,2703111,-25.8,705,211.8,-21.9,1785525,2212402,1845108,647841,367294,0,True,,69.5,B,5211000.0,18.0,1.5,19.5
439,Sharma Agri Traders #439,07ABCDE1439F1Z7,Micro-Manufacturing,UP - Moradabad,> Rs 5Cr,English,2324861,91.7,2350540,2750948,1889369,0.2,2114084,21.7,496,132.8,337.3,1635444,1456138,1676466,836682,-220328,0,True,,73.6,B,4650000.0,18.0,1.5,19.5
440,Nair Spice Traders #440,07ABCDE1440F1Z8,Micro-Manufacturing,Rajasthan - Bhilwara,> Rs 5Cr,English,1061957,91.7,1174248,1319509,928785,1.0,944781,8.9,482,172.8,-79.5,725418,757872,837442,146000,-79570,0,True,665,61.2,C,1062000.0,24.0,2.0,26.0
441,Shah Plastics #441,07ABCDE1441F1Z0,Trading,Gujarat - Morbi,Rs 1-3Cr,Hindi,2758743,100.0,2605460,3436486,2095575,0.0,2806813,16.9,556,145.8,-71.3,1698326,1800983,1498347,299326,302636,1,False,,68.1,B,5517000.0,18.0,1.5,19.5
442,Shah Grains #442,07ABCDE1442F1Z1,Micro-Manufacturing,UP - Moradabad,Rs 1-3Cr,English,1296650,100.0,1310968,1585999,995563,0.0,1409529,6.0,803,168.8,-56.9,960272,990422,658506,434572,331916,0,False,669,77.5,B,2593000.0,18.0,1.5,19.5
443,Desai Ceramics #443,07ABCDE1443F1Z2,Micro-Manufacturing,Rajasthan - Bhilwara,> Rs 5Cr,English,188831,75.0,203731,230331,168924,3.1,194362,-23.9,797,156.5,-16.5,133224,165042,173661,71621,-8619,0,False,,64.2,C,189000.0,24.0,2.0,26.0
444,Reddy Cloth House #444,07ABCDE1444F1Z3,Trading,Gujarat - Morbi,< Rs 40L,Marwari,1744647,100.0,1591488,2131644,1310035,0.0,1600317,-11.4,721,198.7,-53.5,1207978,1259161,1210782,358225,48379,0,False,,69.1,B,3489000.0,18.0,1.5,19.5
445,Sharma Agri Traders #445,07ABCDE1445F1Z4,Micro-Manufacturing,UP - Moradabad,Rs 1-3Cr,English,1028744,75.0,1006535,1203450,778046,2.1,1071625,-8.6,444,222.0,74.0,670519,700450,881735,189936,-181285,0,True,,63.1,C,1029000.0,24.0,2.0,26.0
446,Singh Plastics #446,07ABCDE1446F1Z5,Micro-Manufacturing,Rajasthan - Bhilwara,Rs 3-5Cr,Hindi,2729866,91.7,2821434,3399187,2183587,0.5,2477916,4.4,606,121.8,-87.1,2140092,2088694,1894828,854151,193866,1,True,,65.3,B,5460000.0,18.0,1.5,19.5
447,Shah Metal Works #447,07ABCDE1447F1Z6,Trading,Rajasthan - Bhilwara,< Rs 40L,Hindi,2598228,83.3,2686895,3060074,2338669,0.8,3026884,-11.6,496,129.7,-63.0,1887942,2439215,1741499,772539,697716,0,True,754,67.4,B,5196000.0,18.0,1.5,19.5
448,Iyer Hardware Store #448,07ABCDE1448F1Z7,Trading,UP - Moradabad,> Rs 5Cr,Hindi,1074611,83.3,963365,1265298,806690,1.0,1009937,-6.8,870,134.3,-1.2,737953,737094,1017556,252447,-280462,0,True,784,66.4,B,2149000.0,18.0,1.5,19.5
449,Mehta Plastics #449,07ABCDE1449F1Z8,Micro-Manufacturing,Gujarat - Morbi,Rs 1-3Cr,English,3119646,75.0,3211415,3897808,2366128,2.7,2830249,-16.5,775,175.5,-65.0,2083112,1938619,2812096,1058744,-873477,0,False,,57.8,C,3120000.0,24.0,2.0,26.0
450,Chaudhary Packaging Co #450,07ABCDE1450F1Z0,Micro-Manufacturing,Gujarat - Morbi,Rs 40L-1Cr,English,997202,91.7,997563,1242862,759681,0.2,964157,-3.0,448,142.7,440.8,764519,780355,545164,235667,235191,3,True,689,65.1,B,1994000.0,18.0,1.5,19.5
451,Sharma Cloth House #451,07ABCDE1451F1Z1,Trading,Rajasthan - Bhilwara,Rs 40L-1Cr,Marwari,3475159,100.0,3589035,4328367,2767075,0.0,3664425,1.5,618,166.2,790.9,2639640,2707649,1896501,656079,811148,3,True,,71.0,B,6950000.0,18.0,1.5,19.5
452,Iyer Cloth House #452,07ABCDE1452F1Z2,Micro-Manufacturing,Rajasthan - Bhilwara,Rs 1-3Cr,Marwari,3067600,91.7,3023258,3812358,2311571,1.5,3027094,-39.7,628,144.8,147.8,2336786,2081847,2820583,374470,-738736,0,False,,58.5,C,3068000.0,24.0,2.0,26.0
453,Chaudhary Fertilizer Depot #453,07ABCDE1453F1Z3,Micro-Manufacturing,Gujarat - Morbi,> Rs 5Cr,Gujarati,444470,91.7,420272,517467,338017,0.7,454748,3.8,740,162.8,67.4,310641,377731,286414,159130,91317,2,False,756,76.7,B,889000.0,18.0,1.5,19.5
454,Agarwal Spice Traders #454,07ABCDE1454F1Z4,Trading,Gujarat - Morbi,Rs 3-5Cr,English,3338176,91.7,3282452,4108349,2544204,0.7,3292226,-24.0,652,180.0,-46.4,2166749,2399423,2473035,340540,-73612,0,False,795,60.1,C,3338000.0,24.0,2.0,26.0
455,Malhotra Kirana Wholesale #455,07ABCDE1455F1Z5,Trading,UP - Moradabad,Rs 3-5Cr,English,2673479,91.7,2714824,3325325,2119184,0.6,2579995,8.4,544,134.7,92.0,2170715,1693087,2102703,451439,-409616,0,False,789,68.5,B,5347000.0,18.0,1.5,19.5
456,Shah Hardware Store #456,07ABCDE1456F1Z6,Trading,Rajasthan - Bhilwara,Rs 3-5Cr,English,177613,100.0,162190,198097,134836,0.0,159651,-34.0,653,155.2,80.9,114175,139028,153296,48363,-14268,3,True,,59.2,C,178000.0,24.0,2.0,26.0
457,Iyer Light Engineering #457,07ABCDE1457F1Z7,Trading,Rajasthan - Bhilwara,Rs 1-3Cr,Hindi,669958,75.0,671052,818309,595742,3.6,677833,35.4,681,149.5,-61.8,444226,664496,616999,132191,47497,1,False,,66.9,B,1340000.0,18.0,1.5,19.5
458,Verma Steel Traders #458,07ABCDE1458F1Z8,Micro-Manufacturing,Gujarat - Morbi,> Rs 5Cr,English,3083650,83.3,3281299,3846943,2585899,1.2,2726290,68.0,904,153.3,0.9,2207678,2758574,2031141,684661,727433,0,False,672,84.8,A,9251000.0,14.0,1.0,15.0
459,Yadav Packaging Co #459,07ABCDE1459F1Z0,Micro-Manufacturing,Gujarat - Morbi,> Rs 5Cr,Gujarati,226845,100.0,237243,279502,174554,0.0,215231,-3.9,767,144.2,254.2,166088,193580,208257,70045,-14677,2,True,706,69.0,B,454000.0,18.0,1.5,19.5
460,Gupta Spice Traders #460,07ABCDE1460F1Z1,Micro-Manufacturing,Rajasthan - Bhilwara,> Rs 5Cr,Gujarati,760413,83.3,819673,938788,573561,2.2,763485,4.9,578,133.3,-7.8,597777,632584,694881,123787,-62297,0,False,795,63.9,C,760000.0,24.0,2.0,26.0
461,Mehta Electricals #461,07ABCDE1461F1Z2,Micro-Manufacturing,UP - Moradabad,Rs 1-3Cr,Marwari,2039280,91.7,2105129,2539905,1602918,1.2,1853903,24.8,521,154.8,-4.3,1442843,2039017,1146503,706423,892514,1,False,,75.6,B,4079000.0,18.0,1.5,19.5
462,Shah Grains #462,07ABCDE1462F1Z3,Trading,Gujarat - Morbi,< Rs 40L,Gujarati,803787,91.7,739194,969868,619299,0.8,859633,8.3,599,149.7,-63.4,548074,656218,487565,251605,168653,0,False,,73.3,B,1608000.0,18.0,1.5,19.5
463,Chaudhary Light Engineering #463,07ABCDE1463F1Z4,Trading,Rajasthan - Bhilwara,Rs 3-5Cr,Marwari,1705996,100.0,1592878,1881451,1309663,0.0,1848775,-27.4,624,175.8,164.9,1043243,1515813,1587060,517709,-71247,0,False,703,72.3,B,3412000.0,18.0,1.5,19.5
464,Bansal Kirana Wholesale #464,07ABCDE1464F1Z5,Micro-Manufacturing,Rajasthan - Bhilwara,Rs 3-5Cr,Hindi,836145,83.3,850050,1011586,628130,0.7,819980,26.3,724,123.5,0.0,602888,694643,438020,156644,256623,0,False,,77.3,B,1672000.0,18.0,1.5,19.5
465,Kapoor Hardware Store #465,07ABCDE1465F1Z6,Trading,UP - Moradabad,Rs 3-5Cr,Marwari,2531811,100.0,2487981,3059460,1923483,0.0,2649033,-19.4,494,148.5,116.7,1703664,2018047,2001303,968295,16744,0,False,788,70.8,B,5064000.0,18.0,1.5,19.5
466,Desai Hardware Store #466,07ABCDE1466F1Z7,Trading,Gujarat - Morbi,Rs 3-5Cr,Hindi,1431839,100.0,1429859,1789409,1086769,0.0,1468619,-2.5,411,191.0,414.3,966960,1230302,905139,178938,325163,0,True,,75.0,B,2864000.0,18.0,1.5,19.5
467,Pillai Cloth House #467,07ABCDE1467F1Z8,Micro-Manufacturing,Rajasthan - Bhilwara,Rs 3-5Cr,Marwari,595163,91.7,617804,740905,454727,0.1,639637,-25.3,836,93.8,-73.2,411089,544432,525442,76106,18990,2,False,,54.8,C,595000.0,24.0,2.0,26.0
468,Jain Agri Traders #468,07ABCDE1468F1Z0,Trading,Rajasthan - Bhilwara,> Rs 5Cr,Marwari,1740985,83.3,1715527,2089625,1309915,1.9,1638583,18.2,748,112.2,112.9,1363579,1340064,1271363,463399,68701,3,False,,68.5,B,3482000.0,18.0,1.5,19.5
469,Chaudhary Grains #469,07ABCDE1469F1Z1,Trading,Gujarat - Morbi,Rs 40L-1Cr,Marwari,644023,100.0,655487,767916,485694,0.0,745234,-13.4,677,175.2,5.6,490423,613001,345371,147438,267630,0,False,,75.5,B,1288000.0,18.0,1.5,19.5
470,Rathi Kirana Wholesale #470,07ABCDE1470F1Z2,Trading,Gujarat - Morbi,Rs 40L-1Cr,Hindi,2020719,100.0,2277132,2518978,1519854,0.0,2088534,-31.1,632,187.7,-49.1,1385442,1849623,1328143,274107,521480,2,True,,60.6,C,2021000.0,24.0,2.0,26.0
471,Shah Packaging Co #471,07ABCDE1471F1Z3,Trading,Rajasthan - Bhilwara,Rs 40L-1Cr,Hindi,2101752,83.3,2142692,2585388,1605972,1.7,1970747,27.3,468,208.5,-23.9,1442754,1558356,1359300,735643,199056,0,True,,73.9,B,4204000.0,18.0,1.5,19.5
472,Shah Cloth House #472,07ABCDE1472F1Z4,Micro-Manufacturing,Rajasthan - Bhilwara,< Rs 40L,Hindi,868718,91.7,867228,1048920,669565,0.7,888342,-5.3,720,170.3,10.6,618412,777947,818072,275133,-40125,0,False,764,71.5,B,1737000.0,18.0,1.5,19.5
473,Agarwal Metal Works #473,07ABCDE1473F1Z5,Trading,Rajasthan - Bhilwara,> Rs 5Cr,Marwari,1855823,91.7,1841559,2170587,1511628,0.8,1976165,50.9,589,163.8,-25.0,1283570,1704212,1673150,732900,31062,0,False,,78.5,B,3712000.0,18.0,1.5,19.5
474,Shah Cloth House #474,07ABCDE1474F1Z6,Trading,Rajasthan - Bhilwara,Rs 3-5Cr,Hindi,2824421,100.0,3089956,3511453,2370135,0.0,3115639,24.9,854,138.0,-9.3,1636698,1727343,1561333,893653,166010,0,False,686,80.9,A,8473000.0,14.0,1.0,15.0
475,Kapoor Food Processing #475,07ABCDE1475F1Z7,Trading,Rajasthan - Bhilwara,Rs 1-3Cr,Hindi,1494142,83.3,1602192,1866341,1283811,1.3,1790157,-12.8,726,120.8,15.7,1118785,974767,1320759,551436,-345992,0,True,785,65.6,B,2988000.0,18.0,1.5,19.5
476,Singh Electricals #476,07ABCDE1476F1Z8,Micro-Manufacturing,Rajasthan - Bhilwara,< Rs 40L,Hindi,431442,91.7,434537,528747,343542,0.4,411292,11.3,617,98.2,-65.1,299670,307585,374398,121811,-66813,0,False,710,63.2,C,431000.0,24.0,2.0,26.0
477,Shah Steel Traders #477,07ABCDE1477F1Z0,Trading,Rajasthan - Bhilwara,Rs 40L-1Cr,English,2472336,83.3,2483649,3044969,1962026,0.9,2520635,-12.9,572,157.2,-74.7,1760884,2342646,1276331,361514,1066315,0,False,,64.8,C,2472000.0,24.0,2.0,26.0
478,Iyer Hardware Store #478,07ABCDE1478F1Z1,Trading,Gujarat - Morbi,> Rs 5Cr,Marwari,3339245,66.7,3325105,4130310,2646478,2.9,2998165,-7.9,966,158.2,34.8,2470511,2676509,1785070,987404,891439,2,True,730,68.6,B,6678000.0,18.0,1.5,19.5
479,Verma Steel Traders #479,07ABCDE1479F1Z2,Trading,Gujarat - Morbi,Rs 3-5Cr,Hindi,3385847,75.0,3344749,4177877,2588950,2.0,3229137,-15.4,673,177.7,73.1,2513352,3167077,1908324,718307,1258753,2,True,,66.9,B,6772000.0,18.0,1.5,19.5
480,Patel Timber Traders #480,07ABCDE1480F1Z3,Micro-Manufacturing,UP - Moradabad,< Rs 40L,Gujarati,1050815,100.0,1014627,1271138,797040,0.0,969285,-28.9,699,123.8,-36.0,709736,663892,733191,276590,-69299,1,True,667,57.3,C,1051000.0,24.0,2.0,26.0
481,Yadav Ceramics #481,07ABCDE1481F1Z4,Trading,Gujarat - Morbi,Rs 1-3Cr,Hindi,1771981,83.3,1908244,2189244,1567860,2.2,1866214,-6.7,799,90.2,177.1,1265577,1749777,1186134,489267,563643,2,True,763,71.0,B,3544000.0,18.0,1.5,19.5
482,Sharma Auto Parts #482,07ABCDE1482F1Z5,Micro-Manufacturing,Gujarat - Morbi,< Rs 40L,Marwari,2586596,91.7,2544291,3112818,1964856,0.3,2763665,-4.0,887,184.8,49.2,1916039,2274304,1705026,596306,569278,0,False,,81.4,A,7760000.0,14.0,1.0,15.0
483,Verma Steel Traders #483,07ABCDE1483F1Z6,Trading,UP - Moradabad,Rs 3-5Cr,Gujarati,1008547,91.7,1013781,1233424,762844,1.2,1053855,8.6,664,183.5,-21.2,641182,877235,871742,316565,5493,2,True,792,68.1,B,2017000.0,18.0,1.5,19.5
484,Verma Food Processing #484,07ABCDE1484F1Z7,Trading,Gujarat - Morbi,> Rs 5Cr,Hindi,1736944,91.7,1715428,2160677,1335292,0.2,1687429,-6.0,843,233.3,1.1,1305065,1081425,1306430,636080,-225005,0,False,,69.7,B,3474000.0,18.0,1.5,19.5
485,Pillai Timber Traders #485,07ABCDE1485F1Z8,Micro-Manufacturing,UP - Moradabad,Rs 3-5Cr,Gujarati,2459389,83.3,2469685,3036007,1868556,0.9,2314895,41.5,740,208.3,14.8,1687594,1627673,1999138,567032,-371465,1,False,695,74.4,B,4919000.0,18.0,1.5,19.5
486,Desai Hardware Store #486,07ABCDE1486F1Z0,Trading,Gujarat - Morbi,Rs 1-3Cr,English,2973595,91.7,2833169,3514019,2235388,1.7,3091331,-34.3,604,153.3,-62.6,2231927,2107402,2021659,724340,85743,0,False,773,61.0,C,2974000.0,24.0,2.0,26.0
487,Chaudhary Spice Traders #487,07ABCDE1487F1Z1,Trading,Rajasthan - Bhilwara,< Rs 40L,Gujarati,1825374,100.0,1802903,2232860,1462131,0.0,1580553,-1.8,670,167.2,530.8,1234930,1558589,1708038,252567,-149449,0,True,653,69.4,B,3651000.0,18.0,1.5,19.5
488,Patel Hardware Store #488,07ABCDE1488F1Z2,Trading,Rajasthan - Bhilwara,< Rs 40L,Marwari,3307224,91.7,3471172,4026954,2638931,0.6,3465005,11.5,640,186.5,-21.6,2221838,2658755,2781052,1148540,-122297,0,False,,72.8,B,6614000.0,18.0,1.5,19.5
489,Iyer Steel Traders #489,07ABCDE1489F1Z3,Micro-Manufacturing,Gujarat - Morbi,Rs 3-5Cr,English,1978346,83.3,1944326,2303623,1484718,2.1,1790208,40.3,885,182.8,987.5,1249193,1575238,1017048,286632,558190,2,False,,80.6,A,5935000.0,14.0,1.0,15.0
490,Nair Light Engineering #490,07ABCDE1490F1Z4,Micro-Manufacturing,Rajasthan - Bhilwara,Rs 40L-1Cr,English,3014274,83.3,3135008,3722909,2311021,2.8,3194287,29.5,744,174.8,210.4,2091230,2482829,1526776,617989,956053,0,False,,84.0,A,9043000.0,14.0,1.0,15.0
491,Mehta Packaging Co #491,07ABCDE1491F1Z5,Micro-Manufacturing,UP - Moradabad,< Rs 40L,Hindi,2413086,100.0,2306042,2885882,1846004,0.0,2195223,-14.4,702,154.5,561.4,1547486,1766356,2288898,376439,-522542,0,False,,67.9,B,4826000.0,18.0,1.5,19.5
492,Patel Food Processing #492,07ABCDE1492F1Z6,Micro-Manufacturing,Rajasthan - Bhilwara,Rs 3-5Cr,Hindi,1029029,91.7,1005181,1225234,772127,0.9,934309,-9.0,634,148.7,-61.4,719853,756845,910240,162490,-153395,0,False,657,59.3,C,1029000.0,24.0,2.0,26.0
493,Agarwal Agri Traders #493,07ABCDE1493F1Z7,Micro-Manufacturing,Rajasthan - Bhilwara,Rs 1-3Cr,Gujarati,2423217,83.3,2214822,2609896,1861251,2.4,2439827,3.8,564,121.5,-9.1,1490978,2298696,2148962,829977,149734,0,False,704,68.2,B,4846000.0,18.0,1.5,19.5
494,Rathi Metal Works #494,07ABCDE1494F1Z8,Trading,Rajasthan - Bhilwara,Rs 1-3Cr,Hindi,1766303,91.7,1823152,2203178,1407127,1.5,1805356,21.2,612,182.7,1.8,1233901,1763789,1531307,624821,232482,2,True,796,73.7,B,3533000.0,18.0,1.5,19.5
495,Pillai Grains #495,07ABCDE1495F1Z0,Micro-Manufacturing,Gujarat - Morbi,Rs 3-5Cr,Marwari,1591917,83.3,1680559,1943272,1198622,0.3,1400308,-19.5,833,190.8,-83.9,1151687,1045354,1500001,196525,-454647,0,True,,59.2,C,1592000.0,24.0,2.0,26.0
496,Singh Steel Traders #496,07ABCDE1496F1Z1,Trading,Gujarat - Morbi,Rs 40L-1Cr,Gujarati,901374,100.0,896073,1111931,682486,0.0,900643,-24.7,797,161.5,18.0,614706,843392,753282,312286,90110,0,False,777,74.5,B,1803000.0,18.0,1.5,19.5
497,Iyer Plastics #497,07ABCDE1497F1Z2,Trading,Gujarat - Morbi,Rs 1-3Cr,Hindi,770585,100.0,756378,923582,578203,0.0,675257,47.2,598,105.0,145.8,609155,471896,698540,291182,-226644,0,False,700,77.6,B,1541000.0,18.0,1.5,19.5
498,Gupta Cloth House #498,07ABCDE1498F1Z3,Micro-Manufacturing,Rajasthan - Bhilwara,Rs 1-3Cr,English,3322256,91.7,3263814,4086564,2625928,0.1,3376921,11.3,830,144.5,2.5,2458846,2083198,2357717,856862,-274519,0,False,,73.6,B,6645000.0,18.0,1.5,19.5
499,Verma Auto Parts #499,07ABCDE1499F1Z4,Micro-Manufacturing,UP - Moradabad,Rs 40L-1Cr,English,2473723,91.7,2560363,3076088,1944661,0.4,2449865,9.1,434,164.3,42.1,1631652,1833055,1750436,448649,82619,0,False,772,73.0,B,4947000.0,18.0,1.5,19.5
500,Yadav Ceramics #500,07ABCDE1500F1Z5,Micro-Manufacturing,Rajasthan - Bhilwara,Rs 3-5Cr,Marwari,1310259,91.7,1312655,1501441,1027779,0.1,1345983,-20.5,725,126.7,10.1,921784,807621,1173891,136442,-366270,0,True,784,63.2,C,1310000.0,24.0,2.0,26.0
501,Chaudhary Metal Works #501,07ABCDE1501F1Z6,Trading,UP - Moradabad,> Rs 5Cr,Gujarati,3182721,100.0,3145798,3949780,2406967,0.0,3352823,27.5,584,181.5,-22.0,2302078,3168127,1726706,511512,1441421,0,False,783,78.0,B,6365000.0,18.0,1.5,19.5
502,Malhotra Cloth House #502,07ABCDE1502F1Z7,Trading,Gujarat - Morbi,> Rs 5Cr,Gujarati,3498470,75.0,3846137,4285084,2941016,3.0,3614735,-4.5,758,206.8,6.2,2524785,2694025,2077665,1163826,616360,0,False,799,76.3,B,6997000.0,18.0,1.5,19.5
503,Malhotra Packaging Co #503,07ABCDE1503F1Z8,Micro-Manufacturing,Gujarat - Morbi,> Rs 5Cr,Marwari,901435,75.0,867120,1114092,709878,3.3,992320,-28.7,600,142.2,64.4,622387,829667,759687,214019,69980,0,False,,64.7,C,901000.0,24.0,2.0,26.0
504,Nair Grains #504,07ABCDE1504F1Z0,Micro-Manufacturing,Rajasthan - Bhilwara,Rs 1-3Cr,Marwari,813671,91.7,813727,974698,613147,0.9,881533,5.0,931,197.0,87.8,638905,775821,425531,174779,350290,0,False,,83.2,A,2441000.0,14.0,1.0,15.0
505,Agarwal Cloth House #505,07ABCDE1505F1Z1,Micro-Manufacturing,UP - Moradabad,< Rs 40L,Gujarati,2900719,91.7,2696533,3250859,2227866,0.8,2933177,9.1,649,158.8,-71.6,1958546,2437573,1845799,934321,591774,0,True,657,72.0,B,5801000.0,18.0,1.5,19.5
506,Kapoor Steel Traders #506,07ABCDE1506F1Z2,Trading,UP - Moradabad,Rs 3-5Cr,Hindi,516419,91.7,535618,642795,394883,0.4,544343,32.6,655,153.3,235.7,330920,371621,378528,143342,-6907,0,True,,80.9,A,1549000.0,14.0,1.0,15.0
507,Malhotra Auto Parts #507,07ABCDE1507F1Z3,Trading,Rajasthan - Bhilwara,Rs 1-3Cr,Hindi,1255558,100.0,1264412,1513753,1099624,0.0,1352848,-34.9,664,176.0,84.7,952762,921311,1019564,418791,-98253,0,True,753,70.7,B,2511000.0,18.0,1.5,19.5
508,Verma Grains #508,07ABCDE1508F1Z4,Trading,UP - Moradabad,< Rs 40L,English,2230198,83.3,2259995,2651305,1712583,1.6,2304932,-5.9,854,129.2,-75.8,1752977,2129807,1552376,788202,577431,1,False,663,68.5,B,4460000.0,18.0,1.5,19.5
509,Iyer Steel Traders #509,07ABCDE1509F1Z5,Trading,Rajasthan - Bhilwara,Rs 1-3Cr,Gujarati,2696159,83.3,2630844,3341176,2050874,2.7,2611527,-12.8,688,116.0,-30.5,1884168,1928168,1891973,1009890,36195,0,True,,63.3,C,2696000.0,24.0,2.0,26.0
510,Malhotra Steel Traders #510,07ABCDE1510F1Z6,Micro-Manufacturing,Rajasthan - Bhilwara,> Rs 5Cr,Hindi,1142800,83.3,1189558,1389529,913363,0.4,1200080,-43.8,764,190.8,-40.3,805869,1105064,585162,434073,519902,0,True,,68.2,B,2286000.0,18.0,1.5,19.5
511,Reddy Auto Parts #511,07ABCDE1511F1Z7,Trading,UP - Moradabad,Rs 3-5Cr,English,410059,91.7,412103,466639,331629,0.2,455308,11.3,734,191.5,-45.1,279308,250935,236169,96413,14766,0,True,746,75.4,B,820000.0,18.0,1.5,19.5
512,Rathi Textiles #512,07ABCDE1512F1Z8,Trading,UP - Moradabad,Rs 3-5Cr,Hindi,3000197,91.7,3118762,3687571,2404986,0.9,3058692,11.6,772,145.8,291.0,2105404,2719329,1626317,946439,1093012,0,False,,84.0,A,9001000.0,14.0,1.0,15.0
513,Chaudhary Kirana Wholesale #513,07ABCDE1513F1Z0,Micro-Manufacturing,Rajasthan - Bhilwara,Rs 1-3Cr,Hindi,2345769,83.3,2411591,2908189,1798006,2.0,2312487,40.2,574,211.3,19.1,1727932,1888347,1270743,441435,617604,1,False,,79.1,B,4692000.0,18.0,1.5,19.5
514,Chaudhary Ceramics #514,07ABCDE1514F1Z1,Micro-Manufacturing,UP - Moradabad,Rs 40L-1Cr,Hindi,1230692,100.0,1267859,1448978,1111287,0.0,1128773,-45.2,721,172.5,-61.2,863374,1003149,1080426,335931,-77277,1,False,684,59.9,C,1231000.0,24.0,2.0,26.0
515,Reddy Kirana Wholesale #515,07ABCDE1515F1Z2,Trading,Gujarat - Morbi,> Rs 5Cr,Marwari,1100246,100.0,1136009,1355316,854469,0.0,1150347,4.9,763,181.0,-12.2,785581,772531,765195,173690,7336,0,False,,74.3,B,2200000.0,18.0,1.5,19.5
516,Malhotra Hardware Store #516,07ABCDE1516F1Z3,Micro-Manufacturing,UP - Moradabad,Rs 3-5Cr,Hindi,2008398,83.3,1931841,2422570,1528091,2.2,2045395,-34.4,624,149.2,195.2,1335927,1485870,1817763,595076,-331893,1,False,754,58.7,C,2008000.0,24.0,2.0,26.0
517,Bansal Electricals #517,07ABCDE1517F1Z4,Trading,Rajasthan - Bhilwara,Rs 3-5Cr,English,3099814,83.3,3220172,3841224,2387086,3.2,2875003,-36.6,588,184.2,-8.9,1970832,2372997,2046222,784431,326775,0,False,,64.3,C,3100000.0,24.0,2.0,26.0
518,Verma Hardware Store #518,07ABCDE1518F1Z5,Trading,Gujarat - Morbi,< Rs 40L,Gujarati,377075,75.0,375395,455790,283322,3.1,345725,6.9,676,141.2,-25.5,267025,267181,255722,67692,11459,1,True,734,62.0,C,377000.0,24.0,2.0,26.0
519,Mehta Hardware Store #519,07ABCDE1519F1Z6,Trading,UP - Moradabad,Rs 1-3Cr,Gujarati,438668,75.0,440851,544062,343212,3.2,378672,41.8,757,216.5,100.0,295212,328996,289333,56289,39663,3,False,794,72.1,B,877000.0,18.0,1.5,19.5
520,Nair Hardware Store #520,07ABCDE1520F1Z7,Trading,Gujarat - Morbi,Rs 1-3Cr,Hindi,2623221,91.7,2595549,3269538,2077541,1.6,2655478,6.5,537,134.2,-77.3,1817918,2031537,2327671,278035,-296134,0,True,706,58.3,C,2623000.0,24.0,2.0,26.0
521,Nair Plastics #521,07ABCDE1521F1Z8,Trading,Rajasthan - Bhilwara,> Rs 5Cr,Hindi,2480972,100.0,2315657,2916552,1921499,0.0,2543287,-2.3,720,190.2,175.5,1896510,2093753,1633143,284350,460610,0,False,784,79.7,B,4962000.0,18.0,1.5,19.5
522,Jain Textiles #522,07ABCDE1522F1Z0,Trading,Gujarat - Morbi,Rs 1-3Cr,Marwari,2461047,75.0,2557031,3057733,2006636,2.7,2355836,-33.1,681,151.0,610.0,1667632,2189050,1759275,417499,429775,0,False,,67.5,B,4922000.0,18.0,1.5,19.5
523,Rathi Grains #523,07ABCDE1523F1Z1,Micro-Manufacturing,Gujarat - Morbi,Rs 1-3Cr,Marwari,1213596,100.0,1164528,1500947,915096,0.0,1226097,-38.1,641,131.2,-78.9,796256,796469,1135817,178855,-339348,0,False,698,54.4,C,1214000.0,24.0,2.0,26.0
524,Jain Ceramics #524,07ABCDE1524F1Z2,Trading,Rajasthan - Bhilwara,Rs 1-3Cr,Gujarati,932041,75.0,912849,1110088,706320,3.2,829570,-8.9,459,131.7,-72.6,655467,670908,620966,108082,49942,0,True,,57.3,C,932000.0,24.0,2.0,26.0
525,Kapoor Electricals #525,07ABCDE1525F1Z3,Micro-Manufacturing,UP - Moradabad,Rs 40L-1Cr,English,1340479,100.0,1383215,1625946,1008017,0.0,1271191,-10.6,482,100.8,-61.1,955974,1018420,901252,150779,117168,0,False,671,61.6,C,1340000.0,24.0,2.0,26.0
526,Pillai Packaging Co #526,07ABCDE1526F1Z4,Micro-Manufacturing,Gujarat - Morbi,Rs 1-3Cr,Marwari,2977428,83.3,3077587,3445539,2497584,2.6,3045597,6.0,507,173.3,-91.9,2386940,2773591,2588444,325011,185147,0,True,,63.3,C,2977000.0,24.0,2.0,26.0
527,Chaudhary Food Processing #527,07ABCDE1527F1Z5,Trading,Gujarat - Morbi,Rs 3-5Cr,Marwari,2743215,100.0,2761117,3401165,2227153,0.0,2912261,5.8,569,154.7,57.4,1923972,1735547,1671202,916528,64345,0,False,,77.2,B,5486000.0,18.0,1.5,19.5
528,Desai Metal Works #528,07ABCDE1528F1Z6,Micro-Manufacturing,Gujarat - Morbi,Rs 40L-1Cr,English,315064,100.0,315987,379640,240966,0.0,323969,37.9,643,160.7,156.8,230946,273025,232936,94920,40089,0,False,709,86.5,A,945000.0,14.0,1.0,15.0
529,Shah Hardware Store #529,07ABCDE1529F1Z7,Micro-Manufacturing,Gujarat - Morbi,Rs 1-3Cr,Hindi,2480150,100.0,2447015,3080096,1958169,0.0,2446346,22.2,512,180.8,13.6,1613114,1831841,1661819,557648,170022,3,False,,69.8,B,4960000.0,18.0,1.5,19.5
530,Shah Auto Parts #530,07ABCDE1530F1Z8,Trading,Gujarat - Morbi,< Rs 40L,Marwari,2712247,83.3,2695399,3287026,2170911,2.8,2908831,49.2,700,183.2,379.6,1963805,2666451,2568148,432919,98303,3,True,,72.0,B,5424000.0,18.0,1.5,19.5
531,Shah Agri Traders #531,07ABCDE1531F1Z0,Micro-Manufacturing,UP - Moradabad,Rs 40L-1Cr,Gujarati,414779,100.0,446014,508978,329268,0.0,457520,-10.5,782,158.2,37.9,264135,361274,378677,57528,-17403,0,False,656,72.2,B,830000.0,18.0,1.5,19.5
532,Desai Metal Works #532,07ABCDE1532F1Z1,Micro-Manufacturing,Gujarat - Morbi,> Rs 5Cr,Marwari,1922750,91.7,1978051,2367525,1483774,0.4,1811353,45.6,676,179.2,46.6,1321619,1219089,1288238,642835,-69149,1,True,793,82.0,A,5768000.0,14.0,1.0,15.0
533,Jain Spice Traders #533,07ABCDE1533F1Z2,Trading,Gujarat - Morbi,> Rs 5Cr,Gujarati,2209850,83.3,2231996,2684296,1786563,2.4,2147698,13.1,580,168.5,-28.1,1747256,1962605,1137709,817994,824896,1,True,799,73.1,B,4420000.0,18.0,1.5,19.5
534,Sharma Fertilizer Depot #534,07ABCDE1534F1Z3,Trading,UP - Moradabad,Rs 1-3Cr,Marwari,1205549,91.7,1111831,1444492,922906,0.2,1402105,-7.5,612,69.5,37.5,949242,1100565,762835,158764,337730,0,True,,71.1,B,2411000.0,18.0,1.5,19.5
535,Yadav Textiles #535,07ABCDE1535F1Z4,Trading,Gujarat - Morbi,Rs 3-5Cr,Gujarati,1864861,83.3,1829336,2312112,1442475,1.4,1834247,60.7,654,162.5,-39.0,1421430,1746614,1067408,447818,679206,0,False,,79.2,B,3730000.0,18.0,1.5,19.5
536,Mehta Grains #536,07ABCDE1536F1Z5,Trading,Gujarat - Morbi,Rs 1-3Cr,English,1177860,83.3,1111444,1453186,900081,1.1,1033573,-7.0,394,84.3,-5.5,733676,1167386,752866,175719,414520,2,True,,56.5,C,1178000.0,24.0,2.0,26.0
537,Singh Grains #537,07ABCDE1537F1Z6,Trading,Rajasthan - Bhilwara,Rs 3-5Cr,Marwari,1475244,91.7,1550734,1841665,1186588,1.2,1524717,16.8,679,193.2,47.1,1016954,1290027,1329605,511000,-39578,1,False,725,75.9,B,2950000.0,18.0,1.5,19.5
538,Verma Plastics #538,07ABCDE1538F1Z7,Micro-Manufacturing,UP - Moradabad,< Rs 40L,Marwari,2199575,91.7,2149423,2705787,1686990,0.1,2331611,-5.2,627,175.7,306.1,1348708,1876002,1350082,240467,525920,0,False,,76.3,B,4399000.0,18.0,1.5,19.5
539,Verma Spice Traders #539,07ABCDE1539F1Z8,Micro-Manufacturing,Rajasthan - Bhilwara,< Rs 40L,Gujarati,3395768,100.0,3375507,4133366,2643217,0.0,3874360,-22.8,794,109.8,115.8,2579615,2256693,2614284,552153,-357591,2,True,,62.4,C,3396000.0,24.0,2.0,26.0
540,Chaudhary Packaging Co #540,07ABCDE1540F1Z0,Micro-Manufacturing,Gujarat - Morbi,Rs 3-5Cr,Gujarati,319596,83.3,334938,393873,252603,1.2,318295,-5.3,782,173.0,64.2,231802,193281,214356,78913,-21075,1,False,,70.0,B,639000.0,18.0,1.5,19.5
541,Desai Timber Traders #541,07ABCDE1541F1Z1,Trading,UP - Moradabad,Rs 40L-1Cr,English,1058385,58.3,1095523,1317109,911259,4.8,1153320,0.5,654,162.8,-66.2,745410,686357,807499,344795,-121142,0,False,732,57.4,C,1058000.0,24.0,2.0,26.0
542,Singh Textiles #542,07ABCDE1542F1Z2,Micro-Manufacturing,UP - Moradabad,> Rs 5Cr,Gujarati,466192,91.7,475517,561046,352391,0.9,445270,52.5,704,144.0,-12.4,308287,303572,270434,106652,33138,0,False,,82.1,A,1399000.0,14.0,1.0,15.0
543,Chaudhary Grains #543,07ABCDE1543F1Z3,Trading,Rajasthan - Bhilwara,Rs 40L-1Cr,Marwari,3360458,100.0,3506380,4112398,2576651,0.0,3443351,-34.4,804,188.5,-28.2,2317042,2651683,1789832,497456,861851,0,True,,71.4,B,6721000.0,18.0,1.5,19.5
544,Sharma Steel Traders #544,07ABCDE1544F1Z4,Micro-Manufacturing,UP - Moradabad,Rs 40L-1Cr,Marwari,2442530,91.7,2334672,3009074,1849715,0.7,2706284,-1.4,675,90.5,-73.4,1750467,1791492,1761057,638251,30435,0,True,702,64.0,C,2443000.0,24.0,2.0,26.0
545,Chaudhary Food Processing #545,07ABCDE1545F1Z5,Micro-Manufacturing,Gujarat - Morbi,Rs 1-3Cr,English,1569259,91.7,1639437,1955976,1198610,1.3,1564915,-26.0,876,189.7,-13.1,1173976,1215941,870738,227185,345203,1,True,,67.8,B,3139000.0,18.0,1.5,19.5
546,Rathi Ceramics #546,07ABCDE1546F1Z6,Micro-Manufacturing,Rajasthan - Bhilwara,Rs 3-5Cr,Hindi,2783047,75.0,2819935,3335556,2175674,2.8,2817103,-14.1,902,168.5,2.7,1811854,2545831,2227308,654115,318523,1,True,760,67.3,B,5566000.0,18.0,1.5,19.5
547,Patel Auto Parts #547,07ABCDE1547F1Z7,Trading,Gujarat - Morbi,Rs 1-3Cr,Hindi,2507780,83.3,2490314,2946476,2226750,2.5,2572435,-24.0,818,148.2,-81.6,1571438,2050346,1468213,677103,582133,2,False,,63.5,C,2508000.0,24.0,2.0,26.0
548,Jain Steel Traders #548,07ABCDE1548F1Z8,Micro-Manufacturing,Gujarat - Morbi,> Rs 5Cr,Gujarati,1829750,83.3,1749616,2248438,1555030,1.9,2091815,25.6,857,167.3,-48.3,1429052,1768363,1270714,327746,497649,0,True,757,76.8,B,3660000.0,18.0,1.5,19.5
549,Bansal Cloth House #549,07ABCDE1549F1Z0,Trading,Rajasthan - Bhilwara,< Rs 40L,English,726247,100.0,718062,848441,572674,0.0,674959,61.4,738,137.2,30.6,498407,722008,478424,186338,243584,0,True,,88.9,A,2179000.0,14.0,1.0,15.0
550,Mehta Electricals #550,07ABCDE1550F1Z1,Micro-Manufacturing,Rajasthan - Bhilwara,> Rs 5Cr,Hindi,375042,91.7,397900,459063,292774,0.8,351941,-7.9,608,154.7,20.9,277472,278221,230937,82265,47284,0,False,,74.3,B,750000.0,18.0,1.5,19.5
551,Bansal Agri Traders #551,07ABCDE1551F1Z2,Trading,UP - Moradabad,Rs 1-3Cr,Gujarati,1358381,66.7,1433902,1671976,1188285,3.0,1374660,-32.4,658,141.2,46.8,897464,1216780,936793,410233,279987,3,False,750,60.2,C,1358000.0,24.0,2.0,26.0
552,Iyer Hardware Store #552,07ABCDE1552F1Z3,Trading,Rajasthan - Bhilwara,Rs 1-3Cr,Marwari,945197,83.3,922349,1145234,731089,0.6,940987,-33.1,654,135.2,514.0,712493,901607,593261,199344,308346,0,False,729,70.4,B,1890000.0,18.0,1.5,19.5
553,Singh Cloth House #553,07ABCDE1553F1Z4,Micro-Manufacturing,Rajasthan - Bhilwara,Rs 3-5Cr,Hindi,2824801,91.7,2930274,3514209,2424524,1.4,2792627,7.9,916,160.7,-52.7,1740991,2522380,1842702,689215,679678,0,False,766,75.7,B,5650000.0,18.0,1.5,19.5
554,Desai Light Engineering #554,07ABCDE1554F1Z5,Trading,Gujarat - Morbi,Rs 3-5Cr,English,1295111,83.3,1146901,1403283,1001275,1.9,1344537,20.4,642,191.0,-39.2,906818,1000313,876089,365570,124224,0,False,651,74.6,B,2590000.0,18.0,1.5,19.5
555,Agarwal Food Processing #555,07ABCDE1555F1Z6,Micro-Manufacturing,Rajasthan - Bhilwara,> Rs 5Cr,Gujarati,3011674,100.0,3058462,3646853,2283451,0.0,3104645,-19.9,551,136.2,-81.3,2121473,2855174,2042321,754864,812853,0,True,783,69.0,B,6023000.0,18.0,1.5,19.5
556,Patel Light Engineering #556,07ABCDE1556F1Z7,Trading,Gujarat - Morbi,> Rs 5Cr,English,229718,100.0,234826,284277,182244,0.0,230855,-28.2,573,106.3,41.2,152999,171260,137213,86937,34047,0,True,705,70.9,B,459000.0,18.0,1.5,19.5
557,Mehta Packaging Co #557,07ABCDE1557F1Z8,Trading,Gujarat - Morbi,Rs 40L-1Cr,Gujarati,483654,83.3,459627,581363,366063,1.3,583235,2.0,813,131.0,219.0,306702,383563,357839,75407,25724,0,False,,73.8,B,967000.0,18.0,1.5,19.5
558,Sharma Food Processing #558,07ABCDE1558F1Z0,Trading,UP - Moradabad,> Rs 5Cr,Gujarati,2780245,91.7,2596537,3108352,2102725,1.2,2472624,-9.4,664,163.7,-68.8,2027513,1774742,1626334,609132,148408,0,False,,67.9,B,5560000.0,18.0,1.5,19.5
559,Sharma Grains #559,07ABCDE1559F1Z1,Trading,UP - Moradabad,Rs 40L-1Cr,Hindi,500934,91.7,490889,611845,382580,0.9,514967,23.4,767,182.0,-12.4,329276,445848,374109,134957,71739,0,True,683,78.4,B,1002000.0,18.0,1.5,19.5
560,Bansal Kirana Wholesale #560,07ABCDE1560F1Z2,Micro-Manufacturing,Gujarat - Morbi,Rs 3-5Cr,Hindi,960664,83.3,894739,1131595,735404,1.1,1008826,-12.1,668,168.7,-46.2,741586,705230,656223,325394,49007,0,False,799,66.5,B,1921000.0,18.0,1.5,19.5
561,Singh Spice Traders #561,07ABCDE1561F1Z3,Trading,Gujarat - Morbi,> Rs 5Cr,English,554470,91.7,534133,657047,417015,1.3,582731,39.7,888,145.0,72.5,379402,376030,428545,143359,-52515,1,False,,78.2,B,1109000.0,18.0,1.5,19.5
562,Verma Spice Traders #562,07ABCDE1562F1Z4,Micro-Manufacturing,Rajasthan - Bhilwara,> Rs 5Cr,Gujarati,1488381,83.3,1411032,1846057,1118498,2.2,1450241,-25.8,736,132.3,-72.2,1061240,1419337,1375982,239652,43355,2,True,,53.0,C,1488000.0,24.0,2.0,26.0
563,Yadav Agri Traders #563,07ABCDE1563F1Z5,Trading,Gujarat - Morbi,> Rs 5Cr,Hindi,1379047,91.7,1419395,1718035,1110990,1.7,1289713,-8.5,772,116.2,113.5,1073838,1322608,719755,534185,602853,1,True,,75.6,B,2758000.0,18.0,1.5,19.5
564,Nair Packaging Co #564,07ABCDE1564F1Z6,Trading,Gujarat - Morbi,Rs 40L-1Cr,Hindi,738519,91.7,710354,887732,571409,1.7,725844,25.4,496,103.7,-82.4,433978,518239,386774,275548,131465,0,True,788,73.9,B,1477000.0,18.0,1.5,19.5
565,Rathi Spice Traders #565,07ABCDE1565F1Z7,Micro-Manufacturing,UP - Moradabad,Rs 3-5Cr,Gujarati,874155,100.0,855719,1062725,661665,0.0,873623,-5.1,734,221.0,-45.7,639280,634423,625053,210469,9370,1,True,703,67.4,B,1748000.0,18.0,1.5,19.5
566,Bansal Food Processing #566,07ABCDE1566F1Z8,Micro-Manufacturing,Gujarat - Morbi,Rs 40L-1Cr,Marwari,3169440,75.0,3163556,3904481,2400974,2.3,2838808,-10.8,811,175.8,87.6,2292421,1978852,2082537,1064467,-103685,0,False,,71.8,B,6339000.0,18.0,1.5,19.5
567,Singh Light Engineering #567,07ABCDE1567F1Z0,Trading,Rajasthan - Bhilwara,> Rs 5Cr,Gujarati,3391704,91.7,3444726,4104784,2672745,1.2,3530053,10.0,763,151.8,3.2,2427656,2628783,1785672,605990,843111,0,True,,78.3,B,6783000.0,18.0,1.5,19.5
568,Patel Cloth House #568,07ABCDE1568F1Z1,Micro-Manufacturing,Gujarat - Morbi,> Rs 5Cr,Hindi,2120423,91.7,2062006,2588600,1664874,1.7,2080190,-27.5,771,137.8,20.4,1288331,1527859,1460627,723704,67232,0,True,700,68.1,B,4241000.0,18.0,1.5,19.5
569,Reddy Auto Parts #569,07ABCDE1569F1Z2,Micro-Manufacturing,Gujarat - Morbi,< Rs 40L,Gujarati,3216712,91.7,3158824,3960960,2463060,0.9,2819950,24.5,464,111.8,-70.6,2174596,2114352,1970813,738715,143539,1,False,,65.6,B,6433000.0,18.0,1.5,19.5
570,Chaudhary Agri Traders #570,07ABCDE1570F1Z3,Micro-Manufacturing,UP - Moradabad,Rs 1-3Cr,English,1432239,100.0,1368318,1721887,1098224,0.0,1439153,-10.5,574,174.2,8.8,1095648,1027319,908522,251252,118797,0,False,657,71.8,B,2864000.0,18.0,1.5,19.5
571,Kapoor Steel Traders #571,07ABCDE1571F1Z4,Trading,Gujarat - Morbi,Rs 3-5Cr,Marwari,3242938,100.0,3362726,3954577,2504295,0.0,3171695,-15.7,747,70.5,54.8,2417914,2293658,2324032,1144463,-30374,0,False,,72.7,B,6486000.0,18.0,1.5,19.5
572,Desai Plastics #572,07ABCDE1572F1Z5,Micro-Manufacturing,Gujarat - Morbi,Rs 3-5Cr,Marwari,3032602,100.0,2953054,3637777,2353646,0.0,2672782,0.5,624,157.2,-46.6,2195733,2597410,2102640,819568,494770,1,True,749,70.2,B,6065000.0,18.0,1.5,19.5
573,Gupta Steel Traders #573,07ABCDE1573F1Z6,Trading,Rajasthan - Bhilwara,Rs 40L-1Cr,Hindi,3251795,75.0,3061565,4047230,2455075,2.8,3491101,57.4,613,203.0,-10.2,2172568,2902435,1869101,918293,1033334,0,False,652,81.3,A,9755000.0,14.0,1.0,15.0
574,Bansal Packaging Co #574,07ABCDE1574F1Z7,Micro-Manufacturing,Rajasthan - Bhilwara,< Rs 40L,English,1064364,91.7,1075793,1312010,920285,1.4,1204723,9.0,492,178.5,-50.4,778464,945173,827547,259756,117626,0,True,,69.7,B,2129000.0,18.0,1.5,19.5
575,Rathi Agri Traders #575,07ABCDE1575F1Z8,Micro-Manufacturing,Rajasthan - Bhilwara,Rs 3-5Cr,Marwari,993271,100.0,1013651,1238198,769411,0.0,921825,-24.4,649,150.5,-86.5,770755,625298,550631,274272,74667,0,False,712,67.3,B,1987000.0,18.0,1.5,19.5
576,Rathi Auto Parts #576,07ABCDE1576F1Z0,Micro-Manufacturing,Gujarat - Morbi,Rs 40L-1Cr,Marwari,1602818,100.0,1571182,1960792,1221105,0.0,1714557,-40.9,673,154.0,74.6,1252576,971477,885813,535436,85664,0,True,,70.7,B,3206000.0,18.0,1.5,19.5
577,Shah Plastics #577,07ABCDE1577F1Z1,Trading,Gujarat - Morbi,< Rs 40L,Gujarati,294022,83.3,262801,332002,224789,1.3,272930,-0.8,687,185.5,24.2,192698,177076,272212,117129,-95136,0,False,,68.5,B,588000.0,18.0,1.5,19.5
578,Kapoor Cloth House #578,07ABCDE1578F1Z2,Trading,UP - Moradabad,Rs 40L-1Cr,Hindi,2320485,100.0,2370317,2882551,1884827,0.0,2501287,28.9,470,171.8,-83.3,1699040,1648745,1380225,631898,268520,0,True,,75.4,B,4641000.0,18.0,1.5,19.5
579,Yadav Spice Traders #579,07ABCDE1579F1Z3,Trading,UP - Moradabad,Rs 3-5Cr,Marwari,1618647,91.7,1637328,1855738,1265015,1.6,1661637,3.1,935,180.5,196.5,1149830,1393639,824872,210385,568767,0,False,795,80.7,A,4856000.0,14.0,1.0,15.0
580,Verma Light Engineering #580,07ABCDE1580F1Z4,Micro-Manufacturing,UP - Moradabad,Rs 3-5Cr,Gujarati,1166514,58.3,1232011,1450874,943254,4.3,1058129,-18.9,645,195.7,-8.9,814803,917036,682649,258339,234387,0,False,743,66.2,B,2333000.0,18.0,1.5,19.5
581,Mehta Steel Traders #581,07ABCDE1581F1Z5,Trading,UP - Moradabad,Rs 1-3Cr,Gujarati,3360812,91.7,3453893,3959152,2819213,0.3,3476639,26.9,795,172.8,-38.5,2447799,2592296,2056416,966843,535880,1,True,,78.5,B,6722000.0,18.0,1.5,19.5
582,Jain Cloth House #582,07ABCDE1582F1Z6,Trading,Gujarat - Morbi,< Rs 40L,Marwari,730519,91.7,742592,911457,550649,0.9,812070,7.2,665,152.5,-45.3,537743,691893,667039,247615,24854,0,True,673,67.2,B,1461000.0,18.0,1.5,19.5
583,Shah Food Processing #583,07ABCDE1583F1Z7,Trading,UP - Moradabad,> Rs 5Cr,English,927748,91.7,894376,1118602,719545,0.5,939811,-14.1,790,202.7,220.7,576790,665073,724847,175731,-59774,0,True,,73.4,B,1855000.0,18.0,1.5,19.5
584,Pillai Ceramics #584,07ABCDE1584F1Z8,Trading,UP - Moradabad,> Rs 5Cr,Gujarati,1666243,91.7,1626510,1992960,1261580,1.3,1773287,2.5,665,121.8,-31.9,1223688,1241573,1071676,202800,169897,1,False,,64.8,C,1666000.0,24.0,2.0,26.0
585,Jain Packaging Co #585,07ABCDE1585F1Z0,Micro-Manufacturing,UP - Moradabad,Rs 40L-1Cr,English,468568,83.3,472992,581593,361678,1.2,487499,38.0,818,142.0,25.0,341839,420312,412907,48822,7405,0,False,768,76.4,B,937000.0,18.0,1.5,19.5
586,Mehta Textiles #586,07ABCDE1586F1Z1,Trading,Gujarat - Morbi,Rs 40L-1Cr,Gujarati,2923371,100.0,2873380,3458883,2330344,0.0,2645319,-2.9,570,122.2,-77.4,2130415,2020602,2398932,536635,-378330,2,False,725,55.5,C,2923000.0,24.0,2.0,26.0
587,Agarwal Auto Parts #587,07ABCDE1587F1Z2,Micro-Manufacturing,Rajasthan - Bhilwara,< Rs 40L,Hindi,342214,83.3,348096,425259,282661,1.3,346845,32.1,469,117.3,-61.7,243069,289415,245533,63885,43882,0,True,668,66.8,B,684000.0,18.0,1.5,19.5
588,Agarwal Packaging Co #588,07ABCDE1588F1Z3,Trading,Rajasthan - Bhilwara,Rs 1-3Cr,English,990577,91.7,1018429,1211291,771684,0.3,954063,-31.5,555,164.7,63.9,683309,709122,744432,114308,-35310,0,False,,64.6,C,991000.0,24.0,2.0,26.0
589,Mehta Ceramics #589,07ABCDE1589F1Z4,Trading,UP - Moradabad,Rs 40L-1Cr,Gujarati,1247334,100.0,1223093,1455780,1048284,0.0,1263589,-19.0,710,140.5,46.2,920190,782254,797687,432655,-15433,0,True,765,74.8,B,2495000.0,18.0,1.5,19.5
590,Jain Plastics #590,07ABCDE1590F1Z5,Micro-Manufacturing,Gujarat - Morbi,Rs 40L-1Cr,Gujarati,239074,100.0,250534,294823,191746,0.0,252261,-13.8,709,154.3,289.3,164390,189065,136730,83574,52335,0,False,680,80.2,A,717000.0,14.0,1.0,15.0
591,Reddy Kirana Wholesale #591,07ABCDE1591F1Z6,Micro-Manufacturing,UP - Moradabad,Rs 1-3Cr,Gujarati,2572009,91.7,2671538,3214224,2087516,0.8,2427409,-39.9,638,155.2,28.1,1563000,1966171,2143159,393361,-176988,0,True,,62.1,C,2572000.0,24.0,2.0,26.0
592,Agarwal Hardware Store #592,07ABCDE1592F1Z7,Micro-Manufacturing,UP - Moradabad,Rs 40L-1Cr,Marwari,2619146,91.7,2833910,3195384,2283093,1.7,2575221,-32.1,744,88.3,131.8,1729012,1698167,2370774,583290,-672607,0,False,,63.6,C,2619000.0,24.0,2.0,26.0
593,Rathi Agri Traders #593,07ABCDE1593F1Z8,Trading,Rajasthan - Bhilwara,< Rs 40L,Marwari,2564464,91.7,2656582,3196453,1935235,1.2,2640451,-5.0,865,152.3,187.1,1868384,1939535,2330126,502844,-390591,1,False,697,68.1,B,5129000.0,18.0,1.5,19.5
594,Jain Grains #594,07ABCDE1594F1Z0,Trading,Gujarat - Morbi,Rs 3-5Cr,Marwari,1099737,100.0,1134987,1358252,827142,0.0,1126893,-33.1,541,176.2,34.8,761904,853601,1041238,224713,-187637,0,False,,63.1,C,1100000.0,24.0,2.0,26.0
595,Nair Electricals #595,07ABCDE1595F1Z1,Trading,UP - Moradabad,Rs 40L-1Cr,English,3496397,83.3,3408058,3843691,2885347,1.7,3270577,-12.9,628,149.7,-35.0,2518938,3409570,2404103,443181,1005467,0,False,,66.7,B,6993000.0,18.0,1.5,19.5
596,Kapoor Timber Traders #596,07ABCDE1596F1Z2,Trading,Gujarat - Morbi,Rs 40L-1Cr,Hindi,2981775,83.3,2958137,3415514,2377638,2.9,3016529,-27.2,334,122.7,-79.9,1942476,2672952,2423274,1097159,249678,0,True,737,56.2,C,2982000.0,24.0,2.0,26.0
597,Reddy Auto Parts #597,07ABCDE1597F1Z3,Micro-Manufacturing,Rajasthan - Bhilwara,Rs 1-3Cr,Hindi,3412721,75.0,3557851,4199015,2805575,3.0,3314995,-7.6,660,190.8,-44.9,2441667,3385383,2664071,1210865,721312,0,True,751,69.4,B,6825000.0,18.0,1.5,19.5
598,Pillai Timber Traders #598,07ABCDE1598F1Z4,Trading,Rajasthan - Bhilwara,Rs 3-5Cr,English,2366115,100.0,2313167,2859993,1885823,0.0,2304176,-10.7,572,224.7,-1.4,1640140,1582443,1644489,508530,-62046,0,False,,70.2,B,4732000.0,18.0,1.5,19.5
599,Nair Timber Traders #599,07ABCDE1599F1Z5,Micro-Manufacturing,Gujarat - Morbi,Rs 1-3Cr,Marwari,732405,91.7,762857,915306,579664,1.2,684194,-13.8,572,143.7,-30.9,483965,475681,540415,257362,-64734,1,True,662,56.2,C,732000.0,24.0,2.0,26.0
600,Desai Ceramics #600,07ABCDE1600F1Z6,Micro-Manufacturing,Gujarat - Morbi,> Rs 5Cr,Gujarati,2171949,100.0,2142262,2641548,1685150,0.0,2105166,8.8,631,170.8,-65.0,1491419,1548142,1387995,865704,160147,0,False,,73.5,B,4344000.0,18.0,1.5,19.5
601,Pillai Fertilizer Depot #601,07ABCDE1601F1Z7,Micro-Manufacturing,UP - Moradabad,Rs 3-5Cr,Marwari,889648,75.0,894449,1028137,692136,2.9,898189,-26.5,875,123.8,-11.5,686152,733167,744408,135115,-11241,3,False,672,51.8,C,890000.0,24.0,2.0,26.0
602,Rathi Timber Traders #602,07ABCDE1602F1Z8,Micro-Manufacturing,Gujarat - Morbi,Rs 40L-1Cr,Gujarati,2544726,100.0,2380878,3009310,1964518,0.0,2311713,-23.8,715,149.3,19.6,1807924,1804615,2026953,623791,-222338,0,True,800,70.8,B,5089000.0,18.0,1.5,19.5
603,Verma Food Processing #603,07ABCDE1603F1Z0,Micro-Manufacturing,UP - Moradabad,Rs 1-3Cr,Marwari,2315411,91.7,2263238,2737562,1810588,1.0,1988154,-38.6,746,192.8,-17.7,1633852,1850046,1854245,561186,-4199,1,True,767,63.1,C,2315000.0,24.0,2.0,26.0
604,Rathi Steel Traders #604,07ABCDE1604F1Z1,Micro-Manufacturing,UP - Moradabad,< Rs 40L,Hindi,1925010,91.7,1866761,2259544,1533863,1.3,1877437,-31.0,748,174.3,-82.5,1235347,1204003,1486723,387058,-282720,2,False,665,53.2,C,1925000.0,24.0,2.0,26.0
605,Kapoor Steel Traders #605,07ABCDE1605F1Z2,Micro-Manufacturing,Rajasthan - Bhilwara,Rs 3-5Cr,Hindi,1654509,91.7,1752482,1993268,1286772,0.6,1708616,-7.4,734,172.8,0.8,1125135,1427416,1254525,273105,172891,0,False,750,72.1,B,3309000.0,18.0,1.5,19.5
606,Malhotra Electricals #606,07ABCDE1606F1Z3,Trading,Rajasthan - Bhilwara,Rs 40L-1Cr,English,806844,91.7,743889,1003592,631088,0.8,877833,-13.4,606,183.2,63.1,520794,788519,552480,241453,236039,2,False,,71.5,B,1614000.0,18.0,1.5,19.5
607,Kapoor Auto Parts #607,07ABCDE1607F1Z4,Trading,Rajasthan - Bhilwara,< Rs 40L,English,580790,75.0,573609,693942,471283,2.5,624227,-8.5,793,183.0,-44.3,459544,482556,515322,85297,-32766,2,True,693,55.4,C,581000.0,24.0,2.0,26.0
608,Patel Timber Traders #608,07ABCDE1608F1Z5,Trading,Gujarat - Morbi,Rs 1-3Cr,English,1066778,91.7,1078780,1317599,934763,0.1,1031599,-21.1,746,216.3,-49.8,743373,909640,790321,413650,119319,0,True,749,70.8,B,2134000.0,18.0,1.5,19.5
609,Bansal Cloth House #609,07ABCDE1609F1Z6,Trading,Rajasthan - Bhilwara,Rs 40L-1Cr,Gujarati,1571648,83.3,1681871,1899693,1527936,2.2,1507940,23.3,672,139.7,57.2,1012174,1027688,1217289,273606,-189601,2,False,754,67.6,B,3143000.0,18.0,1.5,19.5
610,Iyer Cloth House #610,07ABCDE1610F1Z7,Trading,Gujarat - Morbi,Rs 40L-1Cr,Marwari,2719146,100.0,2915728,3395577,2292110,0.0,2758107,18.1,978,180.8,17.2,1987285,2294738,2550172,1079164,-255434,1,False,,76.5,B,5438000.0,18.0,1.5,19.5
611,Verma Electricals #611,07ABCDE1611F1Z8,Micro-Manufacturing,Gujarat - Morbi,Rs 40L-1Cr,Marwari,1641882,100.0,1658850,2017250,1244300,0.0,1660923,-16.7,741,206.2,-83.0,1050875,1508892,1450479,365522,58413,0,False,786,68.8,B,3284000.0,18.0,1.5,19.5
612,Shah Agri Traders #612,07ABCDE1612F1Z0,Trading,Gujarat - Morbi,> Rs 5Cr,Gujarati,3427376,75.0,3402660,4176034,2618675,4.3,3231653,-19.0,786,164.7,-56.5,2351871,2072792,1773991,680206,298801,1,True,778,62.7,C,3427000.0,24.0,2.0,26.0
613,Gupta Cloth House #613,07ABCDE1613F1Z1,Micro-Manufacturing,UP - Moradabad,> Rs 5Cr,English,1514547,83.3,1437723,1708463,1148341,0.4,1373531,-21.0,637,160.3,20.6,934968,1387102,1182432,302318,204670,0,True,779,70.8,B,3029000.0,18.0,1.5,19.5
614,Rathi Auto Parts #614,07ABCDE1614F1Z2,Trading,Gujarat - Morbi,< Rs 40L,Gujarati,1842191,75.0,1795585,2184808,1414082,1.7,1829184,-38.5,668,162.7,376.6,1470561,1812161,1676326,240947,135835,2,False,725,57.2,C,1842000.0,24.0,2.0,26.0
615,Singh Timber Traders #615,07ABCDE1615F1Z3,Micro-Manufacturing,Gujarat - Morbi,Rs 1-3Cr,Gujarati,379214,100.0,371341,473131,303588,0.0,372190,59.9,776,109.7,239.1,271899,356182,234400,49842,121782,0,False,778,87.6,A,1138000.0,14.0,1.0,15.0
616,Chaudhary Kirana Wholesale #616,07ABCDE1616F1Z4,Micro-Manufacturing,UP - Moradabad,Rs 3-5Cr,Gujarati,512015,91.7,539049,622617,418581,0.7,483569,-25.7,538,137.7,-60.0,351527,359604,284320,156870,75284,0,True,740,65.6,B,1024000.0,18.0,1.5,19.5
617,Pillai Hardware Store #617,07ABCDE1617F1Z5,Micro-Manufacturing,UP - Moradabad,Rs 3-5Cr,Marwari,177800,83.3,171557,216586,147098,1.2,200965,19.4,985,159.7,-22.4,134396,141877,167965,62012,-26088,1,False,,67.8,B,356000.0,18.0,1.5,19.5
618,Rathi Grains #618,07ABCDE1618F1Z6,Trading,Rajasthan - Bhilwara,Rs 3-5Cr,Hindi,1991885,91.7,1890011,2377351,1508667,0.1,2023289,24.3,543,176.0,137.7,1487231,1262424,1599857,662242,-337433,0,False,,73.6,B,3984000.0,18.0,1.5,19.5
619,Chaudhary Steel Traders #619,07ABCDE1619F1Z7,Trading,UP - Moradabad,> Rs 5Cr,Hindi,742019,100.0,788691,924974,578903,0.0,736027,45.4,737,135.7,-56.1,556001,457669,689497,179059,-231828,0,False,671,72.7,B,1484000.0,18.0,1.5,19.5
620,Jain Fertilizer Depot #620,07ABCDE1620F1Z8,Micro-Manufacturing,UP - Moradabad,Rs 3-5Cr,Marwari,2678208,91.7,2769612,3327603,2093168,0.9,2838584,-32.4,637,164.2,31.4,1913586,1993666,1662415,706574,331251,0,True,796,73.0,B,5356000.0,18.0,1.5,19.5
621,Rathi Ceramics #621,07ABCDE1621F1Z0,Trading,UP - Moradabad,< Rs 40L,Marwari,2660933,83.3,2718919,3314693,2018408,1.9,2396091,4.0,670,141.5,-51.8,1893146,2004445,2152585,431391,-148140,3,True,,53.3,C,2661000.0,24.0,2.0,26.0
622,Iyer Spice Traders #622,07ABCDE1622F1Z1,Micro-Manufacturing,Rajasthan - Bhilwara,< Rs 40L,Gujarati,546323,100.0,537984,670184,411293,0.0,522905,-12.6,695,145.8,-54.5,359933,418311,455699,58189,-37388,0,False,,61.7,C,546000.0,24.0,2.0,26.0
623,Bansal Light Engineering #623,07ABCDE1623F1Z2,Micro-Manufacturing,Gujarat - Morbi,< Rs 40L,Gujarati,2582597,100.0,2613820,3115495,1993564,0.0,2331700,-36.8,536,192.8,-5.8,1961545,2463569,1597759,702490,865810,2,True,,63.8,C,2583000.0,24.0,2.0,26.0
624,Reddy Ceramics #624,07ABCDE1624F1Z3,Micro-Manufacturing,UP - Moradabad,Rs 1-3Cr,English,2144752,83.3,2124144,2660001,1616542,2.1,1953308,-11.0,608,148.8,-51.6,1466904,1853745,2024703,259332,-170958,0,True,,57.0,C,2145000.0,24.0,2.0,26.0
625,Rathi Textiles #625,07ABCDE1625F1Z4,Trading,Gujarat - Morbi,> Rs 5Cr,English,682380,66.7,683297,825457,536789,5.1,636183,0.4,680,161.8,13.3,556383,596111,537400,177868,58711,0,True,,68.1,B,1365000.0,18.0,1.5,19.5
626,Patel Packaging Co #626,07ABCDE1626F1Z5,Micro-Manufacturing,Rajasthan - Bhilwara,Rs 40L-1Cr,Marwari,207423,91.7,196619,242280,180262,1.2,225419,3.5,566,169.8,-89.2,136727,189820,191272,22765,-1452,0,True,,64.4,C,207000.0,24.0,2.0,26.0
627,Agarwal Steel Traders #627,07ABCDE1627F1Z6,Trading,UP - Moradabad,Rs 1-3Cr,Marwari,1820257,83.3,1759842,2272494,1388792,2.1,1708602,2.7,570,189.7,-59.1,1246877,1601319,1694819,324664,-93500,0,True,,62.3,C,1820000.0,24.0,2.0,26.0
628,Yadav Grains #628,07ABCDE1628F1Z7,Trading,UP - Moradabad,Rs 1-3Cr,Marwari,1125272,100.0,1048230,1237539,872318,0.0,1117461,10.6,738,122.8,-7.0,691147,972102,885014,193337,87088,0,False,,74.3,B,2251000.0,18.0,1.5,19.5
629,Chaudhary Spice Traders #629,07ABCDE1629F1Z8,Trading,Gujarat - Morbi,< Rs 40L,Hindi,2569157,83.3,2577346,3091143,1942202,2.2,2435669,-14.0,548,197.0,-38.6,1583718,2156620,1930979,852401,225641,0,False,,65.7,B,5138000.0,18.0,1.5,19.5
630,Mehta Agri Traders #630,07ABCDE1630F1Z0,Trading,Gujarat - Morbi,< Rs 40L,Marwari,1086722,75.0,1200235,1349544,1014044,2.5,1165290,-0.5,699,140.3,-88.8,662217,832904,979425,128511,-146521,2,True,,52.5,C,1087000.0,24.0,2.0,26.0
631,Pillai Grains #631,07ABCDE1631F1Z1,Micro-Manufacturing,Gujarat - Morbi,> Rs 5Cr,Hindi,3073269,66.7,2828339,3655836,2317892,4.8,2925725,2.5,702,136.2,-8.3,2038291,2969016,2146742,893462,822274,0,True,658,66.8,B,6147000.0,18.0,1.5,19.5
632,Desai Agri Traders #632,07ABCDE1632F1Z2,Micro-Manufacturing,Rajasthan - Bhilwara,Rs 3-5Cr,Gujarati,1132115,100.0,1179402,1414519,997989,0.0,1164049,-44.9,754,128.8,237.8,742330,714789,1010873,231782,-296084,0,False,654,64.6,C,1132000.0,24.0,2.0,26.0
633,Agarwal Plastics #633,07ABCDE1633F1Z3,Micro-Manufacturing,UP - Moradabad,< Rs 40L,Hindi,1447420,91.7,1375275,1733415,1095372,0.2,1589509,-15.8,410,177.3,-10.6,971018,1122730,1269650,513969,-146920,1,False,720,60.0,C,1447000.0,24.0,2.0,26.0
634,Desai Kirana Wholesale #634,07ABCDE1634F1Z4,Micro-Manufacturing,Gujarat - Morbi,> Rs 5Cr,Marwari,3047346,91.7,3120154,3751922,2470848,1.5,3447505,0.4,611,130.0,-87.7,2372465,2205713,1989583,1000206,216130,0,True,,67.8,B,6095000.0,18.0,1.5,19.5
635,Agarwal Textiles #635,07ABCDE1635F1Z5,Micro-Manufacturing,Rajasthan - Bhilwara,Rs 3-5Cr,Marwari,2499438,91.7,2471120,2943091,1897428,0.3,2541373,-18.8,593,151.2,2.6,1681273,1874346,1983731,800064,-109385,0,True,756,67.1,B,4999000.0,18.0,1.5,19.5
636,Bansal Packaging Co #636,07ABCDE1636F1Z6,Micro-Manufacturing,UP - Moradabad,> Rs 5Cr,Gujarati,2168795,91.7,2384356,2706680,1921218,1.0,2188685,-16.9,864,115.2,-35.6,1635963,1937801,1211995,623546,725806,0,False,,71.6,B,4338000.0,18.0,1.5,19.5
637,Agarwal Packaging Co #637,07ABCDE1637F1Z7,Trading,UP - Moradabad,< Rs 40L,Marwari,810984,100.0,821290,998489,626964,0.0,739909,0.3,952,166.3,263.0,601541,598268,441660,228641,156608,0,True,,84.9,A,2433000.0,14.0,1.0,15.0
638,Yadav Metal Works #638,07ABCDE1638F1Z8,Trading,Gujarat - Morbi,Rs 3-5Cr,Gujarati,2959725,83.3,2868473,3621137,2287987,0.6,2912261,-17.8,572,116.5,9.5,2288589,2580851,2340658,521333,240193,0,True,,64.7,C,2960000.0,24.0,2.0,26.0
639,Chaudhary Plastics #639,07ABCDE1639F1Z0,Micro-Manufacturing,Gujarat - Morbi,< Rs 40L,Hindi,2985079,91.7,2888685,3562116,2253329,0.5,2777572,-5.6,856,201.2,68.1,2270623,1885684,1722868,770061,162816,0,False,,79.8,B,5970000.0,18.0,1.5,19.5
640,Patel Spice Traders #640,07ABCDE1640F1Z1,Micro-Manufacturing,Gujarat - Morbi,Rs 40L-1Cr,Hindi,1385491,91.7,1305350,1702212,1044626,0.1,1344975,-28.9,736,131.7,14.8,956062,1298673,1287781,176634,10892,0,False,,63.9,C,1385000.0,24.0,2.0,26.0
641,Bansal Cloth House #641,07ABCDE1641F1Z2,Trading,Gujarat - Morbi,< Rs 40L,Gujarati,2041679,91.7,2048073,2549732,1538212,0.1,1905479,8.4,624,180.7,-72.2,1398197,1679985,1804921,812936,-124936,0,False,,68.0,B,4083000.0,18.0,1.5,19.5
642,Agarwal Textiles #642,07ABCDE1642F1Z3,Trading,Rajasthan - Bhilwara,Rs 3-5Cr,Marwari,2713756,91.7,2794471,3366642,2102734,0.8,2712547,18.4,774,188.5,-74.3,1749258,2028906,2036273,1042557,-7367,0,True,740,73.5,B,5428000.0,18.0,1.5,19.5
643,Verma Textiles #643,07ABCDE1643F1Z4,Micro-Manufacturing,Rajasthan - Bhilwara,< Rs 40L,Marwari,1517758,91.7,1510233,1825966,1152572,0.8,1406337,43.8,716,203.2,-17.3,958524,1004246,1395348,423136,-391102,0,False,,75.1,B,3036000.0,18.0,1.5,19.5
644,Desai Fertilizer Depot #644,07ABCDE1644F1Z5,Micro-Manufacturing,Gujarat - Morbi,Rs 3-5Cr,Marwari,3435935,75.0,3183976,4159159,2587201,3.1,3426085,-35.0,439,234.3,-34.9,2736547,2136306,2527971,937563,-391665,0,True,,52.8,C,3436000.0,24.0,2.0,26.0
645,Jain Electricals #645,07ABCDE1645F1Z6,Micro-Manufacturing,Rajasthan - Bhilwara,< Rs 40L,Hindi,2628403,83.3,2698682,3121221,2033418,2.0,2772420,37.8,844,173.8,-79.3,1841902,1955263,2474293,559100,-519030,0,True,687,67.7,B,5257000.0,18.0,1.5,19.5
646,Iyer Timber Traders #646,07ABCDE1646F1Z7,Micro-Manufacturing,Rajasthan - Bhilwara,< Rs 40L,English,1774077,75.0,1931024,2201843,1585588,2.9,1789037,-40.3,669,115.3,355.0,1289796,1647362,933090,427493,714272,0,True,690,65.5,B,3548000.0,18.0,1.5,19.5
647,Agarwal Fertilizer Depot #647,07ABCDE1647F1Z8,Trading,Rajasthan - Bhilwara,Rs 1-3Cr,Hindi,168383,91.7,170189,206344,126307,0.5,158065,20.3,568,164.3,130.9,110858,102680,140919,58347,-38239,0,False,650,72.8,B,337000.0,18.0,1.5,19.5
648,Malhotra Timber Traders #648,07ABCDE1648F1Z0,Trading,Rajasthan - Bhilwara,< Rs 40L,Gujarati,1539239,100.0,1621428,1841922,1193859,0.0,1474737,12.9,476,186.7,32.0,1078403,1350430,827829,295333,522601,1,False,721,77.0,B,3078000.0,18.0,1.5,19.5
649,Singh Steel Traders #649,07ABCDE1649F1Z1,Trading,UP - Moradabad,> Rs 5Cr,Marwari,606604,91.7,612594,751821,469016,1.6,577169,12.8,851,143.5,202.4,455518,370985,359304,241834,11681,0,False,784,79.2,B,1213000.0,18.0,1.5,19.5
650,Pillai Spice Traders #650,07ABCDE1650F1Z2,Trading,UP - Moradabad,< Rs 40L,Hindi,273910,91.7,278336,333417,205868,1.2,287145,-5.0,554,147.0,-67.2,195221,229731,156279,50850,73452,0,True,,67.5,B,548000.0,18.0,1.5,19.5
651,Sharma Light Engineering #651,07ABCDE1651F1Z3,Trading,Rajasthan - Bhilwara,Rs 1-3Cr,Marwari,2488784,91.7,2593230,3041666,1944099,1.5,2454811,54.8,953,109.7,9.1,1853174,2330451,1735844,343494,594607,1,True,,80.3,A,7466000.0,14.0,1.0,15.0
652,Jain Kirana Wholesale #652,07ABCDE1652F1Z4,Micro-Manufacturing,Rajasthan - Bhilwara,> Rs 5Cr,Gujarati,2417073,66.7,2433237,2988798,1947207,3.9,2468135,-21.0,787,181.7,89.1,1716785,1773261,2065900,533134,-292639,0,False,768,64.5,C,2417000.0,24.0,2.0,26.0
653,Desai Timber Traders #653,07ABCDE1653F1Z5,Trading,Rajasthan - Bhilwara,> Rs 5Cr,Hindi,333171,91.7,342251,414640,275721,0.9,339677,9.3,670,163.5,82.9,208218,297154,188871,76091,108283,2,True,659,72.8,B,666000.0,18.0,1.5,19.5
654,Singh Grains #654,07ABCDE1654F1Z6,Trading,UP - Moradabad,Rs 3-5Cr,Gujarati,2526352,83.3,2672892,3085645,1900130,1.5,2363531,-1.7,799,214.7,1.3,1680495,1582229,1397262,627561,184967,0,True,,75.8,B,5053000.0,18.0,1.5,19.5
655,Desai Light Engineering #655,07ABCDE1655F1Z7,Micro-Manufacturing,Gujarat - Morbi,Rs 3-5Cr,Marwari,888800,91.7,870363,1099070,673209,1.2,831432,-2.1,742,105.0,-35.0,641014,709265,726334,167515,-17069,1,False,687,62.4,C,889000.0,24.0,2.0,26.0
656,Mehta Fertilizer Depot #656,07ABCDE1656F1Z8,Micro-Manufacturing,Rajasthan - Bhilwara,Rs 1-3Cr,Hindi,2242480,91.7,2305842,2739292,1706284,1.3,2045923,-19.3,582,158.7,-79.5,1548154,1922481,1595093,609714,327388,0,True,716,65.2,B,4485000.0,18.0,1.5,19.5
657,Singh Ceramics #657,07ABCDE1657F1Z0,Trading,UP - Moradabad,Rs 3-5Cr,Marwari,2879050,83.3,2661535,3103359,2261660,1.4,3105037,7.0,564,175.2,-18.0,1963232,1759973,1472093,608366,287880,0,False,,73.6,B,5758000.0,18.0,1.5,19.5
658,Bansal Cloth House #658,07ABCDE1658F1Z1,Trading,UP - Moradabad,< Rs 40L,Marwari,902061,83.3,973247,1127010,694628,2.7,961777,7.4,714,163.7,-28.2,612210,876268,632209,306959,244059,1,True,742,71.7,B,1804000.0,18.0,1.5,19.5
659,Jain Food Processing #659,07ABCDE1659F1Z2,Micro-Manufacturing,Gujarat - Morbi,> Rs 5Cr,Marwari,2558084,91.7,2730386,3121860,2039775,0.3,2662282,11.1,592,145.0,118.5,1808422,2462783,2066033,799849,396750,2,False,748,73.7,B,5116000.0,18.0,1.5,19.5
660,Singh Hardware Store #660,07ABCDE1660F1Z3,Micro-Manufacturing,Rajasthan - Bhilwara,> Rs 5Cr,Hindi,1480682,83.3,1460601,1709604,1209715,1.8,1540373,49.8,714,102.5,-27.5,1076606,1271202,819356,161624,451846,0,True,,76.9,B,2961000.0,18.0,1.5,19.5
661,Rathi Electricals #661,07ABCDE1661F1Z4,Trading,Rajasthan - Bhilwara,Rs 40L-1Cr,Hindi,1298772,75.0,1256614,1473262,1024193,1.5,1337733,-28.2,772,145.0,-16.7,962988,875797,830926,318938,44871,0,False,,65.6,B,2598000.0,18.0,1.5,19.5
662,Kapoor Kirana Wholesale #662,07ABCDE1662F1Z5,Micro-Manufacturing,UP - Moradabad,Rs 3-5Cr,Gujarati,1500472,83.3,1430320,1769519,1125406,1.4,1395856,28.9,641,228.0,29.2,1031298,1194428,1099372,470615,95056,0,True,,80.2,A,4501000.0,14.0,1.0,15.0
663,Shah Agri Traders #663,07ABCDE1663F1Z6,Trading,UP - Moradabad,> Rs 5Cr,Hindi,2757687,91.7,2937286,3441914,2366206,0.6,2683123,60.4,569,160.0,-40.4,1939315,2517900,2198698,584933,319202,0,True,,77.4,B,5515000.0,18.0,1.5,19.5
664,Kapoor Grains #664,07ABCDE1664F1Z7,Trading,Rajasthan - Bhilwara,< Rs 40L,Gujarati,1679151,91.7,1722464,2098651,1348532,0.8,1825857,-15.7,581,174.7,-42.4,1208854,1194417,1572788,374061,-378371,2,False,737,54.1,C,1679000.0,24.0,2.0,26.0
665,Malhotra Fertilizer Depot #665,07ABCDE1665F1Z8,Trading,Gujarat - Morbi,Rs 1-3Cr,Gujarati,2763370,75.0,2741547,3357360,2153659,1.7,2667667,15.4,661,198.2,35.3,2016225,2597936,1587393,695944,1010543,0,True,,79.8,B,5527000.0,18.0,1.5,19.5
666,Pillai Light Engineering #666,07ABCDE1666F1Z0,Trading,Rajasthan - Bhilwara,> Rs 5Cr,English,2407409,66.7,2450068,2988402,1925510,4.9,2193170,-15.9,698,136.5,-36.8,1626332,1758078,1556947,618609,201131,3,False,,53.2,C,2407000.0,24.0,2.0,26.0
667,Sharma Electricals #667,07ABCDE1667F1Z1,Trading,Gujarat - Morbi,Rs 40L-1Cr,Hindi,2328487,100.0,2285376,2758015,1904566,0.0,2469866,53.2,733,218.5,35.6,1732235,1851197,1411916,539916,439281,0,False,,92.0,A,6985000.0,14.0,1.0,15.0
668,Sharma Light Engineering #668,07ABCDE1668F1Z2,Trading,Rajasthan - Bhilwara,> Rs 5Cr,Gujarati,3497450,100.0,3566282,4156320,2890977,0.0,3521709,11.5,705,148.0,576.7,2583930,3106353,2718773,423824,387580,0,True,746,78.7,B,6995000.0,18.0,1.5,19.5
669,Yadav Metal Works #669,07ABCDE1669F1Z3,Trading,UP - Moradabad,> Rs 5Cr,Hindi,3090620,100.0,3039696,3477256,2320547,0.0,3205893,21.3,531,240.0,20.0,1919710,1993980,1821246,709173,172734,1,True,756,78.4,B,6181000.0,18.0,1.5,19.5
670,Iyer Food Processing #670,07ABCDE1670F1Z4,Micro-Manufacturing,UP - Moradabad,> Rs 5Cr,Hindi,3018689,66.7,2968635,3748266,2363190,3.4,2795179,9.1,704,182.2,910.3,2267618,2791574,1542185,499875,1249389,2,False,,69.2,B,6037000.0,18.0,1.5,19.5
671,Rathi Auto Parts #671,07ABCDE1671F1Z5,Micro-Manufacturing,UP - Moradabad,< Rs 40L,Gujarati,190617,83.3,194350,233981,150086,1.5,179368,-8.3,808,125.7,-62.3,129850,168525,131439,37673,37086,0,False,719,67.9,B,381000.0,18.0,1.5,19.5
672,Kapoor Light Engineering #672,07ABCDE1672F1Z6,Micro-Manufacturing,Gujarat - Morbi,Rs 1-3Cr,English,2941487,66.7,2837431,3612054,2315859,4.3,3046339,-12.2,501,125.8,-89.3,2062176,2684489,1768766,519767,915723,0,True,742,59.0,C,2941000.0,24.0,2.0,26.0
673,Verma Spice Traders #673,07ABCDE1673F1Z7,Micro-Manufacturing,Rajasthan - Bhilwara,Rs 40L-1Cr,Hindi,396014,83.3,360264,444125,297444,3.3,387035,27.4,884,139.5,84.8,255731,314892,332032,50102,-17140,0,False,770,75.3,B,792000.0,18.0,1.5,19.5
674,Patel Plastics #674,07ABCDE1674F1Z8,Micro-Manufacturing,Rajasthan - Bhilwara,< Rs 40L,Hindi,1394001,83.3,1250664,1546573,1056182,2.8,1300483,-19.3,873,108.3,21.6,964516,1250699,979352,217384,271347,0,False,726,69.4,B,2788000.0,18.0,1.5,19.5
675,Chaudhary Cloth House #675,07ABCDE1675F1Z0,Trading,Rajasthan - Bhilwara,Rs 1-3Cr,English,1778932,91.7,1785102,2088309,1357592,0.2,1796821,-20.5,931,100.8,-37.8,1215182,1479325,1026060,408405,453265,0,False,677,70.0,B,3558000.0,18.0,1.5,19.5
676,Reddy Cloth House #676,07ABCDE1676F1Z1,Micro-Manufacturing,Rajasthan - Bhilwara,Rs 3-5Cr,English,197004,100.0,194280,242760,151232,0.0,207933,3.0,756,174.7,274.1,140834,141309,179290,37817,-37981,2,False,679,67.6,B,394000.0,18.0,1.5,19.5
677,Mehta Timber Traders #677,07ABCDE1677F1Z2,Trading,Rajasthan - Bhilwara,Rs 1-3Cr,English,2466533,100.0,2325892,2801620,2052235,0.0,2559163,-31.6,585,234.5,-19.2,1549153,2098789,1880376,595019,218413,0,True,,68.6,B,4933000.0,18.0,1.5,19.5
678,Rathi Grains #678,07ABCDE1678F1Z3,Micro-Manufacturing,UP - Moradabad,> Rs 5Cr,Hindi,2089850,75.0,2049106,2580952,1697308,2.6,2262974,34.4,831,169.0,-46.3,1369570,1416370,1162079,551934,254291,0,False,676,76.8,B,4180000.0,18.0,1.5,19.5
679,Agarwal Kirana Wholesale #679,07ABCDE1679F1Z4,Trading,Gujarat - Morbi,Rs 3-5Cr,Hindi,2993003,100.0,2838566,3632765,2301240,0.0,2850022,44.1,299,178.7,-60.2,2092205,2032354,2426418,664855,-394064,1,False,,66.0,B,5986000.0,18.0,1.5,19.5
680,Desai Electricals #680,07ABCDE1680F1Z5,Trading,Rajasthan - Bhilwara,> Rs 5Cr,English,2491536,83.3,2272906,3007121,1947708,1.2,2306827,-5.4,866,142.5,-31.0,1920028,2285022,2128310,732198,156712,0,False,713,69.7,B,4983000.0,18.0,1.5,19.5
681,Patel Cloth House #681,07ABCDE1681F1Z6,Micro-Manufacturing,Gujarat - Morbi,> Rs 5Cr,Hindi,1169098,91.7,1167259,1458433,901805,1.6,1052319,-16.0,618,206.7,-51.1,869903,916194,798789,363646,117405,3,False,734,58.3,C,1169000.0,24.0,2.0,26.0
682,Shah Metal Works #682,07ABCDE1682F1Z7,Trading,Rajasthan - Bhilwara,< Rs 40L,Hindi,1939472,100.0,1927394,2383652,1526803,0.0,1890686,18.3,810,170.0,86.4,1279828,1211967,1074940,472875,137027,0,True,800,87.2,A,5818000.0,14.0,1.0,15.0
683,Bansal Ceramics #683,07ABCDE1683F1Z8,Trading,Rajasthan - Bhilwara,Rs 1-3Cr,Marwari,1132085,83.3,1128652,1390717,850509,1.6,1007155,2.5,906,175.8,26.9,720959,850434,889332,301783,-38898,3,True,650,62.3,C,1132000.0,24.0,2.0,26.0
684,Kapoor Spice Traders #684,07ABCDE1684F1Z0,Micro-Manufacturing,Gujarat - Morbi,> Rs 5Cr,Hindi,1031561,75.0,1038469,1267065,799868,2.2,1068396,-2.1,757,193.5,-17.5,728848,861898,717817,227022,144081,1,False,679,68.5,B,2063000.0,18.0,1.5,19.5
685,Iyer Plastics #685,07ABCDE1685F1Z1,Micro-Manufacturing,Rajasthan - Bhilwara,> Rs 5Cr,Gujarati,1359837,83.3,1242896,1657421,1058308,1.9,1397830,-22.9,885,166.0,180.7,1077083,1168018,906508,529621,261510,0,False,,75.9,B,2720000.0,18.0,1.5,19.5
686,Pillai Textiles #686,07ABCDE1686F1Z2,Micro-Manufacturing,Rajasthan - Bhilwara,Rs 1-3Cr,Marwari,2582740,91.7,2551009,3128449,1975935,0.4,2795669,-21.0,803,164.3,-78.2,1945007,1856492,1918081,443727,-61589,0,True,723,63.6,C,2583000.0,24.0,2.0,26.0
687,Patel Plastics #687,07ABCDE1687F1Z3,Micro-Manufacturing,UP - Moradabad,> Rs 5Cr,Marwari,1319528,83.3,1303393,1637258,1097259,1.3,1276585,35.7,754,171.7,23.5,1032242,1282754,1253442,321229,29312,1,True,712,74.9,B,2639000.0,18.0,1.5,19.5
688,Sharma Light Engineering #688,07ABCDE1688F1Z4,Micro-Manufacturing,Rajasthan - Bhilwara,> Rs 5Cr,Marwari,910411,91.7,946527,1109997,788612,0.8,833910,-21.2,761,185.5,-51.6,673062,880230,778797,251971,101433,1,False,732,66.1,B,1821000.0,18.0,1.5,19.5
689,Jain Timber Traders #689,07ABCDE1689F1Z5,Micro-Manufacturing,UP - Moradabad,Rs 40L-1Cr,Gujarati,2746237,91.7,2686937,3368126,2079699,0.2,2864932,-40.6,611,193.3,53.3,1829517,1663000,1469280,527486,193720,0,True,712,70.4,B,5492000.0,18.0,1.5,19.5
690,Sharma Grains #690,07ABCDE1690F1Z6,Trading,Gujarat - Morbi,Rs 1-3Cr,Hindi,2811443,83.3,2833337,3513128,2215594,1.0,3161503,-8.2,764,215.0,-78.9,1946281,2546827,2385729,671821,161098,0,False,731,67.9,B,5623000.0,18.0,1.5,19.5
691,Malhotra Grains #691,07ABCDE1691F1Z7,Micro-Manufacturing,UP - Moradabad,> Rs 5Cr,Gujarati,3330172,91.7,3302619,3814168,2678539,1.2,3210788,-38.1,558,135.8,184.4,2650161,2991838,1903447,721016,1088391,0,False,,70.1,B,6660000.0,18.0,1.5,19.5
692,Malhotra Packaging Co #692,07ABCDE1692F1Z8,Micro-Manufacturing,Rajasthan - Bhilwara,< Rs 40L,Hindi,2695940,83.3,2770820,3348634,2349441,3.1,2776690,20.1,751,175.7,-5.7,1960223,1621386,1601764,396203,19622,0,False,764,73.7,B,5392000.0,18.0,1.5,19.5
693,Malhotra Kirana Wholesale #693,07ABCDE1693F1Z0,Trading,Gujarat - Morbi,Rs 40L-1Cr,Hindi,2937244,100.0,3000118,3665109,2271952,0.0,2741681,4.1,690,168.8,108.8,2064972,1840220,1507205,905592,333015,0,False,,81.7,A,8812000.0,14.0,1.0,15.0
694,Chaudhary Plastics #694,07ABCDE1694F1Z1,Trading,Gujarat - Morbi,< Rs 40L,Hindi,3021807,100.0,2926916,3760896,2323291,0.0,3116316,6.3,792,111.8,31.2,1984547,1960849,1671195,356539,289654,0,True,,76.7,B,6044000.0,18.0,1.5,19.5
695,Patel Timber Traders #695,07ABCDE1695F1Z2,Trading,Gujarat - Morbi,Rs 40L-1Cr,Gujarati,2063022,100.0,2041887,2444573,1610140,0.0,2158795,-26.7,675,174.0,85.0,1346264,1624515,1344880,482749,279635,0,True,724,75.8,B,4126000.0,18.0,1.5,19.5
696,Yadav Spice Traders #696,07ABCDE1696F1Z3,Trading,UP - Moradabad,< Rs 40L,Marwari,488347,91.7,462085,607757,373386,1.4,457515,-1.7,752,206.5,-5.6,340791,468871,458254,182572,10617,0,False,773,72.6,B,977000.0,18.0,1.5,19.5
697,Agarwal Kirana Wholesale #697,07ABCDE1697F1Z4,Micro-Manufacturing,Gujarat - Morbi,> Rs 5Cr,Marwari,3357927,91.7,3361337,4006631,2529476,1.3,3329741,10.6,634,79.7,-2.8,2464804,3285370,2779617,971619,505753,0,False,774,72.6,B,6716000.0,18.0,1.5,19.5
698,Pillai Timber Traders #698,07ABCDE1698F1Z5,Micro-Manufacturing,Rajasthan - Bhilwara,Rs 1-3Cr,English,465838,91.7,511280,574029,417207,1.2,435344,-26.4,476,191.8,-32.8,293452,358584,314178,59767,44406,0,True,,63.2,C,466000.0,24.0,2.0,26.0
699,Iyer Hardware Store #699,07ABCDE1699F1Z6,Micro-Manufacturing,UP - Moradabad,< Rs 40L,Gujarati,2677930,75.0,2648444,3228962,2145126,2.8,2562415,28.5,628,164.5,19.3,1768855,1718494,1786728,795653,-68234,0,False,,74.2,B,5356000.0,18.0,1.5,19.5
700,Singh Spice Traders #700,07ABCDE1700F1Z7,Micro-Manufacturing,UP - Moradabad,Rs 40L-1Cr,Marwari,1993904,75.0,1985631,2296452,1621839,3.9,1935757,15.0,686,149.2,80.6,1360811,1384006,1719248,510306,-335242,0,True,675,67.5,B,3988000.0,18.0,1.5,19.5
701,Mehta Hardware Store #701,07ABCDE1701F1Z8,Trading,Rajasthan - Bhilwara,Rs 40L-1Cr,Marwari,2204528,91.7,2120959,2693742,1655591,1.4,2119278,-9.4,849,97.7,-71.3,1605811,1802201,1766063,299898,36138,0,True,,62.6,C,2205000.0,24.0,2.0,26.0
702,Pillai Electricals #702,07ABCDE1702F1Z0,Micro-Manufacturing,Gujarat - Morbi,< Rs 40L,Hindi,2406868,100.0,2271006,2846442,1866665,0.0,2457285,16.5,362,174.3,-40.4,1766079,1820018,1809364,797654,10654,0,False,718,69.4,B,4814000.0,18.0,1.5,19.5
703,Chaudhary Textiles #703,07ABCDE1703F1Z1,Trading,Gujarat - Morbi,Rs 40L-1Cr,Marwari,2705904,100.0,2399427,2853347,2054526,0.0,2739025,3.7,577,150.3,-68.2,2018732,1798600,1693363,906371,105237,0,True,,71.0,B,5412000.0,18.0,1.5,19.5
704,Singh Light Engineering #704,07ABCDE1704F1Z2,Micro-Manufacturing,Rajasthan - Bhilwara,< Rs 40L,Gujarati,921118,83.3,946351,1137653,750180,2.7,949947,-6.3,671,138.8,-53.5,690922,911204,603543,250217,307661,0,True,,68.1,B,1842000.0,18.0,1.5,19.5
705,Agarwal Packaging Co #705,07ABCDE1705F1Z3,Trading,Gujarat - Morbi,Rs 3-5Cr,Gujarati,2134065,91.7,2109575,2608598,1639979,0.2,2019514,-28.7,720,201.0,60.3,1560076,2028899,1412837,677384,616062,0,False,778,78.0,B,4268000.0,18.0,1.5,19.5
706,Sharma Auto Parts #706,07ABCDE1706F1Z4,Micro-Manufacturing,Rajasthan - Bhilwara,Rs 3-5Cr,Gujarati,2289725,100.0,2077980,2506600,1724223,0.0,2390509,3.2,784,178.2,-52.7,1544548,1938022,1778074,810891,159948,2,True,,69.1,B,4579000.0,18.0,1.5,19.5
707,Shah Light Engineering #707,07ABCDE1707F1Z5,Micro-Manufacturing,Gujarat - Morbi,Rs 1-3Cr,Marwari,962339,100.0,982315,1200407,760967,0.0,899523,-0.7,777,112.5,-34.4,742153,629048,663017,203200,-33969,0,False,,69.4,B,1925000.0,18.0,1.5,19.5
708,Agarwal Ceramics #708,07ABCDE1708F1Z6,Trading,Rajasthan - Bhilwara,Rs 1-3Cr,English,1926116,75.0,1981460,2283379,1609317,2.1,1815301,6.6,764,146.3,-62.3,1255000,1644092,1792386,267563,-148294,1,False,,59.9,C,1926000.0,24.0,2.0,26.0
709,Kapoor Kirana Wholesale #709,07ABCDE1709F1Z7,Micro-Manufacturing,Rajasthan - Bhilwara,Rs 40L-1Cr,English,1020853,75.0,1067716,1255710,858260,1.2,1057859,9.5,701,180.7,-25.7,678756,778137,545734,137587,232403,0,False,,72.6,B,2042000.0,18.0,1.5,19.5
710,Shah Ceramics #710,07ABCDE1710F1Z8,Micro-Manufacturing,Gujarat - Morbi,Rs 40L-1Cr,English,1273896,100.0,1202735,1461610,983317,0.0,1268843,-23.5,565,164.3,750.0,866431,929047,978178,361256,-49131,3,False,,61.9,C,1274000.0,24.0,2.0,26.0
711,Verma Cloth House #711,07ABCDE1711F1Z0,Micro-Manufacturing,UP - Moradabad,Rs 40L-1Cr,Gujarati,997063,58.3,979127,1180225,821073,2.5,928746,-27.5,533,98.5,237.5,644728,866279,617322,170237,248957,0,True,,62.7,C,997000.0,24.0,2.0,26.0
712,Jain Packaging Co #712,07ABCDE1712F1Z1,Trading,UP - Moradabad,> Rs 5Cr,Hindi,1746488,91.7,1703511,2180858,1312901,0.2,1747923,1.9,676,166.2,-6.6,1268305,1183591,1268129,208195,-84538,0,True,,68.1,B,3493000.0,18.0,1.5,19.5
713,Shah Plastics #713,07ABCDE1713F1Z2,Micro-Manufacturing,Gujarat - Morbi,Rs 1-3Cr,Hindi,975642,91.7,927830,1218904,745100,0.3,989562,-19.3,784,162.3,-62.6,692389,900177,755375,197180,144802,1,True,737,64.6,C,976000.0,24.0,2.0,26.0
714,Chaudhary Textiles #714,07ABCDE1714F1Z3,Micro-Manufacturing,Gujarat - Morbi,Rs 3-5Cr,Gujarati,2283923,83.3,2361467,2727553,1718056,2.8,2348346,9.5,691,148.5,12.8,1765005,1500843,1819992,533774,-319149,2,False,795,62.0,C,2284000.0,24.0,2.0,26.0
715,Kapoor Timber Traders #715,07ABCDE1715F1Z4,Trading,UP - Moradabad,Rs 3-5Cr,Hindi,2179509,91.7,2102870,2551248,1673211,0.4,2094591,-13.2,579,165.8,72.2,1432427,1786346,1150306,504545,636040,0,False,,76.3,B,4359000.0,18.0,1.5,19.5
716,Shah Electricals #716,07ABCDE1716F1Z5,Trading,Rajasthan - Bhilwara,Rs 3-5Cr,Hindi,2080230,83.3,2093203,2433151,1624378,2.2,2168782,-13.0,642,117.5,-25.4,1266518,1914406,1386911,213847,527495,0,True,,64.9,C,2080000.0,24.0,2.0,26.0
717,Nair Textiles #717,07ABCDE1717F1Z6,Micro-Manufacturing,Gujarat - Morbi,> Rs 5Cr,English,3382828,66.7,3168933,4122370,2572673,2.8,3446949,-29.4,654,151.0,-81.4,2242886,3367203,2179882,1073650,1187321,0,True,,61.9,C,3383000.0,24.0,2.0,26.0
718,Patel Textiles #718,07ABCDE1718F1Z7,Micro-Manufacturing,UP - Moradabad,Rs 40L-1Cr,English,1482115,75.0,1504979,1795401,1193544,2.5,1664698,-8.7,793,167.8,87.8,1054170,1146263,1138038,323270,8225,0,False,,72.0,B,2964000.0,18.0,1.5,19.5
719,Agarwal Ceramics #719,07ABCDE1719F1Z8,Micro-Manufacturing,UP - Moradabad,Rs 3-5Cr,Hindi,3081142,75.0,3062573,3676434,2328684,3.2,3004769,1.6,666,175.5,-18.8,2353871,1873212,1916133,930574,-42921,0,True,,66.8,B,6162000.0,18.0,1.5,19.5
720,Sharma Cloth House #720,07ABCDE1720F1Z0,Trading,UP - Moradabad,Rs 3-5Cr,Marwari,3398597,66.7,3329071,3915692,2593994,3.2,3458182,-5.9,688,126.8,416.7,2182477,3260281,2174160,1234404,1086121,0,False,,73.6,B,6797000.0,18.0,1.5,19.5
721,Sharma Auto Parts #721,07ABCDE1721F1Z1,Trading,UP - Moradabad,Rs 40L-1Cr,Hindi,1320559,75.0,1302297,1565389,1005797,3.4,1295621,70.4,837,203.5,36.8,918214,822296,984556,434154,-162260,1,False,,75.9,B,2641000.0,18.0,1.5,19.5
722,Chaudhary Steel Traders #722,07ABCDE1722F1Z2,Trading,Gujarat - Morbi,> Rs 5Cr,Marwari,2258803,91.7,2209317,2718045,1789387,1.1,2054159,-24.3,560,160.0,375.0,1506436,2171014,1848335,624165,322679,0,False,,71.8,B,4518000.0,18.0,1.5,19.5
723,Patel Hardware Store #723,07ABCDE1723F1Z3,Micro-Manufacturing,Rajasthan - Bhilwara,Rs 1-3Cr,Marwari,1301036,100.0,1275007,1602479,999843,0.0,1222018,-27.8,566,146.3,-2.9,863913,1204371,938531,417040,265840,1,True,,67.4,B,2602000.0,18.0,1.5,19.5
724,Gupta Packaging Co #724,07ABCDE1724F1Z4,Trading,UP - Moradabad,Rs 1-3Cr,Gujarati,2255696,91.7,2347486,2761504,1711805,0.8,2651945,2.0,686,111.2,-35.1,1627460,2071566,1843939,696574,227627,0,True,,70.5,B,4511000.0,18.0,1.5,19.5
725,Pillai Electricals #725,07ABCDE1725F1Z5,Micro-Manufacturing,Rajasthan - Bhilwara,< Rs 40L,Gujarati,445444,100.0,408073,507525,344288,0.0,473228,17.7,614,199.5,-57.8,316262,351323,239667,92156,111656,1,True,688,72.8,B,891000.0,18.0,1.5,19.5
726,Bansal Food Processing #726,07ABCDE1726F1Z6,Trading,Gujarat - Morbi,Rs 3-5Cr,Marwari,2281983,83.3,2181190,2716665,1745126,2.2,2525465,-3.9,1008,180.5,-55.1,1524641,1970439,1147675,315631,822764,0,False,760,70.2,B,4564000.0,18.0,1.5,19.5
727,Mehta Metal Works #727,07ABCDE1727F1Z7,Micro-Manufacturing,Rajasthan - Bhilwara,Rs 1-3Cr,English,1668107,91.7,1730186,2034341,1292027,0.8,1696842,27.9,631,217.5,78.8,1247448,1435531,1320927,300182,114604,0,True,769,82.2,A,5004000.0,14.0,1.0,15.0
728,Jain Light Engineering #728,07ABCDE1728F1Z8,Micro-Manufacturing,Gujarat - Morbi,> Rs 5Cr,Marwari,1325660,100.0,1354350,1654063,1025240,0.0,1161603,3.6,840,183.7,1.6,935759,1097203,1166005,290770,-68802,0,True,,74.1,B,2651000.0,18.0,1.5,19.5
729,Iyer Agri Traders #729,07ABCDE1729F1Z0,Trading,Rajasthan - Bhilwara,< Rs 40L,Marwari,2161246,91.7,2253872,2687403,1757048,0.4,2094685,-5.1,585,144.2,46.7,1581345,1744466,1261218,333306,483248,0,False,671,75.1,B,4322000.0,18.0,1.5,19.5
730,Rathi Plastics #730,07ABCDE1730F1Z1,Trading,Rajasthan - Bhilwara,> Rs 5Cr,Marwari,2063485,83.3,2282325,2539115,1880241,1.2,2058401,8.9,784,138.3,-20.3,1402190,1899736,1232687,396157,667049,0,True,,75.5,B,4127000.0,18.0,1.5,19.5
731,Reddy Plastics #731,07ABCDE1731F1Z2,Micro-Manufacturing,UP - Moradabad,Rs 3-5Cr,Hindi,1136805,83.3,1096046,1381707,896012,1.2,992563,-8.6,785,133.5,-85.3,705590,1086226,967935,437884,118291,0,False,,68.3,B,2274000.0,18.0,1.5,19.5
732,Kapoor Hardware Store #732,07ABCDE1732F1Z3,Trading,UP - Moradabad,Rs 1-3Cr,English,3182937,83.3,2864083,3610708,2388749,1.8,3264805,23.5,545,148.8,24.1,2169648,2169470,2161417,1178681,8053,3,True,757,65.3,B,6366000.0,18.0,1.5,19.5
733,Desai Agri Traders #733,07ABCDE1733F1Z4,Micro-Manufacturing,Rajasthan - Bhilwara,Rs 3-5Cr,Marwari,3261730,100.0,3188278,4020460,2542227,0.0,3401235,-28.9,714,187.7,-25.9,2177414,3146473,2461255,687838,685218,0,True,,70.6,B,6523000.0,18.0,1.5,19.5
734,Patel Metal Works #734,07ABCDE1734F1Z5,Trading,UP - Moradabad,Rs 3-5Cr,Hindi,3032416,91.7,3331536,3783719,2314575,1.4,2887925,9.0,628,169.7,-14.1,2363155,2696189,1992551,898047,703638,2,False,,70.5,B,6065000.0,18.0,1.5,19.5
735,Kapoor Agri Traders #735,07ABCDE1735F1Z6,Trading,UP - Moradabad,< Rs 40L,Hindi,2223104,75.0,2284897,2708594,1754381,2.8,2137100,-12.5,599,119.2,16.9,1592002,1699630,1187977,304642,511653,1,False,726,64.3,C,2223000.0,24.0,2.0,26.0
736,Iyer Packaging Co #736,07ABCDE1736F1Z7,Trading,Rajasthan - Bhilwara,Rs 1-3Cr,Gujarati,840789,91.7,862777,1045499,640103,0.7,756756,-27.4,482,218.7,6.6,531998,815339,781127,294110,34212,0,False,739,66.9,B,1682000.0,18.0,1.5,19.5
737,Agarwal Packaging Co #737,07ABCDE1737F1Z8,Trading,Rajasthan - Bhilwara,Rs 1-3Cr,English,531999,91.7,505287,662068,404982,0.5,556561,-34.4,642,120.8,-87.0,302905,364086,333436,101457,30650,0,False,,60.3,C,532000.0,24.0,2.0,26.0
738,Mehta Kirana Wholesale #738,07ABCDE1738F1Z0,Trading,Gujarat - Morbi,< Rs 40L,Gujarati,3249528,91.7,3123368,3958796,2462195,0.8,3140233,-10.0,712,135.8,62.4,2230548,3214482,2695483,463761,518999,3,False,707,64.1,C,3250000.0,24.0,2.0,26.0
739,Agarwal Packaging Co #739,07ABCDE1739F1Z1,Micro-Manufacturing,Gujarat - Morbi,Rs 1-3Cr,Gujarati,1124333,83.3,1166573,1392431,906215,1.4,1077197,13.8,769,202.7,41.8,823283,686205,901181,232841,-214976,0,True,,73.8,B,2249000.0,18.0,1.5,19.5
740,Iyer Textiles #740,07ABCDE1740F1Z2,Micro-Manufacturing,Rajasthan - Bhilwara,< Rs 40L,Gujarati,355865,83.3,346893,413746,277654,1.9,374897,15.3,703,174.2,121.9,243899,337997,234285,106248,103712,0,True,,82.6,A,1068000.0,14.0,1.0,15.0
741,Verma Fertilizer Depot #741,07ABCDE1741F1Z3,Micro-Manufacturing,Rajasthan - Bhilwara,< Rs 40L,Marwari,2796239,100.0,2728988,3182431,2196775,0.0,2951200,15.7,706,69.5,-83.2,1883469,2689440,1908762,663499,780678,0,False,,73.9,B,5592000.0,18.0,1.5,19.5
742,Chaudhary Steel Traders #742,07ABCDE1742F1Z4,Micro-Manufacturing,UP - Moradabad,Rs 40L-1Cr,Hindi,2043375,83.3,2046192,2545346,1575111,1.7,1792863,28.2,582,198.7,23.1,1186041,1873925,1840586,454289,33339,0,False,,75.7,B,4087000.0,18.0,1.5,19.5
743,Chaudhary Timber Traders #743,07ABCDE1743F1Z5,Trading,Rajasthan - Bhilwara,< Rs 40L,English,2227282,91.7,2270541,2766817,1720854,1.1,2365440,14.6,385,170.7,127.6,1583872,1690536,1356346,347755,334190,0,True,,75.6,B,4455000.0,18.0,1.5,19.5
744,Patel Agri Traders #744,07ABCDE1744F1Z6,Trading,Rajasthan - Bhilwara,Rs 1-3Cr,Marwari,1903725,91.7,1829827,2272991,1460912,1.7,1959179,24.8,641,155.2,-36.9,1336204,1346711,1230708,756225,116003,0,False,741,74.2,B,3807000.0,18.0,1.5,19.5
745,Kapoor Ceramics #745,07ABCDE1745F1Z7,Micro-Manufacturing,Gujarat - Morbi,> Rs 5Cr,Hindi,3220435,83.3,3082201,3499465,2530106,2.3,3280755,-1.0,879,175.5,-50.8,2148186,2213264,2842442,430622,-629178,1,True,756,59.2,C,3220000.0,24.0,2.0,26.0
746,Patel Packaging Co #746,07ABCDE1746F1Z8,Trading,Gujarat - Morbi,> Rs 5Cr,Hindi,2423708,83.3,2394483,2962450,1879405,1.8,2616913,-0.2,773,215.8,93.2,1562839,2416082,2116029,687158,300053,0,True,,78.7,B,4847000.0,18.0,1.5,19.5
747,Singh Ceramics #747,07ABCDE1747F1Z0,Micro-Manufacturing,Gujarat - Morbi,Rs 1-3Cr,Marwari,2665738,100.0,2641252,3327733,2168610,0.0,2504549,-15.8,629,173.2,-29.9,1963255,2052865,2308545,270295,-255680,1,False,,59.6,C,2666000.0,24.0,2.0,26.0
748,Agarwal Spice Traders #748,07ABCDE1748F1Z1,Micro-Manufacturing,Rajasthan - Bhilwara,Rs 1-3Cr,English,425554,75.0,441147,526871,332645,2.2,450669,-32.4,770,126.2,33.0,318508,298218,242474,120061,55744,2,False,,62.9,C,426000.0,24.0,2.0,26.0
749,Jain Electricals #749,07ABCDE1749F1Z2,Micro-Manufacturing,UP - Moradabad,Rs 3-5Cr,Marwari,909615,83.3,885362,1043309,688915,1.2,799321,35.4,844,153.3,13.2,658468,576737,601559,162039,-24822,3,False,779,69.0,B,1819000.0,18.0,1.5,19.5
750,Agarwal Fertilizer Depot #750,07ABCDE1750F1Z3,Micro-Manufacturing,UP - Moradabad,Rs 3-5Cr,Gujarati,2433842,91.7,2347343,2958565,1875950,1.5,2199484,-39.4,755,169.7,-41.6,1751901,1479618,2040906,822603,-561288,1,False,,54.9,C,2434000.0,24.0,2.0,26.0
751,Rathi Plastics #751,07ABCDE1751F1Z4,Micro-Manufacturing,Rajasthan - Bhilwara,Rs 1-3Cr,Marwari,1153864,100.0,1195911,1434989,865633,0.0,1297105,11.5,660,163.3,17.0,898654,942246,957628,437494,-15382,0,True,,76.6,B,2308000.0,18.0,1.5,19.5
752,Yadav Fertilizer Depot #752,07ABCDE1752F1Z5,Micro-Manufacturing,UP - Moradabad,Rs 3-5Cr,Gujarati,1903912,91.7,1865491,2211368,1481456,0.4,2108727,-27.2,937,206.3,167.7,1161445,1877310,1326548,682294,550762,3,False,738,70.4,B,3808000.0,18.0,1.5,19.5
753,Pillai Plastics #753,07ABCDE1753F1Z6,Micro-Manufacturing,UP - Moradabad,< Rs 40L,Hindi,2257859,83.3,2357433,2721481,1941012,2.1,2221254,-27.7,729,174.2,136.3,1712262,2089428,1956360,259648,133068,0,True,796,70.3,B,4516000.0,18.0,1.5,19.5
754,Shah Light Engineering #754,07ABCDE1754F1Z7,Micro-Manufacturing,Rajasthan - Bhilwara,< Rs 40L,Hindi,1807717,75.0,1852380,2229167,1412318,2.2,1779465,1.1,582,204.0,61.6,1123732,1183261,1214747,286837,-31486,1,False,792,67.7,B,3615000.0,18.0,1.5,19.5
755,Gupta Kirana Wholesale #755,07ABCDE1755F1Z8,Trading,Gujarat - Morbi,> Rs 5Cr,English,1018961,100.0,1002092,1255966,824089,0.0,1095173,46.8,582,186.7,-27.3,743587,870097,748388,308285,121709,0,True,,82.6,A,3057000.0,14.0,1.0,15.0
756,Rathi Plastics #756,07ABCDE1756F1Z0,Trading,UP - Moradabad,Rs 40L-1Cr,English,1824017,100.0,1907800,2277490,1496090,0.0,1818941,11.5,515,103.8,261.0,1328791,1543021,1105354,702667,437667,1,True,,77.4,B,3648000.0,18.0,1.5,19.5
757,Kapoor Agri Traders #757,07ABCDE1757F1Z1,Trading,UP - Moradabad,> Rs 5Cr,Marwari,2014973,83.3,2077106,2376763,1748462,1.1,1822156,11.3,608,144.5,-19.2,1320231,2002814,1167023,619283,835791,0,False,683,75.1,B,4030000.0,18.0,1.5,19.5
758,Malhotra Timber Traders #758,07ABCDE1758F1Z2,Micro-Manufacturing,Gujarat - Morbi,Rs 1-3Cr,Marwari,872773,83.3,890299,1049990,664658,1.3,916006,-1.3,642,139.5,155.6,670078,596292,608799,308779,-12507,1,True,694,68.0,B,1746000.0,18.0,1.5,19.5
759,Jain Electricals #759,07ABCDE1759F1Z3,Trading,UP - Moradabad,Rs 40L-1Cr,English,1457505,83.3,1493110,1818341,1193221,2.8,1550122,66.9,640,114.3,-67.4,1016202,1319348,945349,521316,373999,0,False,690,78.0,B,2915000.0,18.0,1.5,19.5
760,Mehta Steel Traders #760,07ABCDE1760F1Z4,Micro-Manufacturing,UP - Moradabad,> Rs 5Cr,Hindi,2503329,91.7,2574451,3113151,1893150,0.3,2381106,-26.7,694,128.2,-66.0,1586813,1804327,1899587,437653,-95260,0,False,758,59.9,C,2503000.0,24.0,2.0,26.0
761,Nair Fertilizer Depot #761,07ABCDE1761F1Z5,Trading,UP - Moradabad,Rs 1-3Cr,Hindi,375647,83.3,376541,451685,298453,1.9,367528,-41.2,755,150.0,37.2,281822,312427,251902,139293,60525,3,True,,61.6,C,376000.0,24.0,2.0,26.0
762,Desai Packaging Co #762,07ABCDE1762F1Z6,Micro-Manufacturing,Gujarat - Morbi,< Rs 40L,English,870730,100.0,908716,1041023,679861,0.0,899323,23.7,486,167.5,352.9,646066,829217,655756,329299,173461,0,False,,83.3,A,2612000.0,14.0,1.0,15.0
763,Verma Timber Traders #763,07ABCDE1763F1Z7,Micro-Manufacturing,Gujarat - Morbi,Rs 1-3Cr,Marwari,3221846,100.0,2845128,3554879,2420763,0.0,3207377,4.3,708,115.8,140.3,2138942,2982296,1957755,629603,1024541,0,False,793,80.0,A,9666000.0,14.0,1.0,15.0
764,Gupta Timber Traders #764,07ABCDE1764F1Z8,Trading,UP - Moradabad,> Rs 5Cr,English,617284,91.7,663787,766828,468227,0.8,670558,16.9,628,203.8,84.9,434469,506922,586222,136551,-79300,0,False,,75.4,B,1235000.0,18.0,1.5,19.5
765,Verma Light Engineering #765,07ABCDE1765F1Z0,Micro-Manufacturing,Rajasthan - Bhilwara,Rs 1-3Cr,Marwari,593629,91.7,649281,719483,476349,0.3,610755,59.3,653,132.8,-18.3,443621,441830,358504,105154,83326,0,False,,81.3,A,1781000.0,14.0,1.0,15.0
766,Iyer Light Engineering #766,07ABCDE1766F1Z1,Trading,Gujarat - Morbi,Rs 3-5Cr,Gujarati,3059863,91.7,3079027,3520316,2500872,1.5,3171065,18.8,880,137.3,8.1,2394856,2063618,2183711,471611,-120093,3,True,661,62.4,C,3060000.0,24.0,2.0,26.0
767,Reddy Steel Traders #767,07ABCDE1767F1Z2,Trading,Rajasthan - Bhilwara,> Rs 5Cr,Marwari,1058212,83.3,1045577,1246519,888488,0.2,1138083,38.7,572,126.8,-92.4,691138,715224,842453,292563,-127229,0,True,,68.7,B,2116000.0,18.0,1.5,19.5
768,Gupta Spice Traders #768,07ABCDE1768F1Z3,Micro-Manufacturing,Gujarat - Morbi,> Rs 5Cr,Hindi,3137548,91.7,3055007,3711573,2480306,0.2,3466806,13.0,620,192.2,162.3,2401291,2709642,2233437,467025,476205,0,True,,79.2,B,6275000.0,18.0,1.5,19.5
769,Yadav Plastics #769,07ABCDE1769F1Z4,Trading,Rajasthan - Bhilwara,< Rs 40L,Hindi,1641756,83.3,1501827,1995737,1270978,2.0,1588561,71.6,761,223.3,-27.2,1147699,1016219,951169,249893,65050,1,False,,76.9,B,3284000.0,18.0,1.5,19.5
770,Malhotra Electricals #770,07ABCDE1770F1Z5,Trading,UP - Moradabad,Rs 1-3Cr,English,734460,91.7,721827,901560,562334,0.2,725900,-25.3,630,151.3,-37.5,486006,708463,526480,89723,181983,0,False,,64.4,C,734000.0,24.0,2.0,26.0
771,Malhotra Spice Traders #771,07ABCDE1771F1Z6,Micro-Manufacturing,Rajasthan - Bhilwara,Rs 40L-1Cr,Gujarati,3052810,75.0,2907820,3732818,2350666,3.0,2557324,2.1,632,182.7,303.8,2325093,3035758,2412335,1174953,623423,0,False,764,76.0,B,6106000.0,18.0,1.5,19.5
772,Patel Metal Works #772,07ABCDE1772F1Z7,Micro-Manufacturing,Rajasthan - Bhilwara,Rs 3-5Cr,Hindi,3227154,100.0,3333771,3884528,2712926,0.0,3191552,64.5,666,106.0,-75.5,2196712,2876281,2517859,1089474,358422,2,True,,73.6,B,6454000.0,18.0,1.5,19.5
773,Gupta Agri Traders #773,07ABCDE1773F1Z8,Trading,UP - Moradabad,Rs 3-5Cr,Marwari,1686106,91.7,1633213,2078241,1276558,1.2,1700939,-37.0,744,137.7,4.2,1311184,1552539,1445995,394935,106544,0,False,,64.8,C,1686000.0,24.0,2.0,26.0
774,Singh Grains #774,07ABCDE1774F1Z0,Trading,Gujarat - Morbi,Rs 3-5Cr,Gujarati,2124043,66.7,2068591,2473816,1636590,2.7,2273628,-8.8,330,144.8,669.6,1418988,1946882,1960622,844739,-13740,0,False,,63.1,C,2124000.0,24.0,2.0,26.0
775,Sharma Cloth House #775,07ABCDE1775F1Z1,Trading,Gujarat - Morbi,Rs 3-5Cr,Marwari,3392237,91.7,3477293,4192908,2577694,1.3,3435535,-29.8,672,174.0,202.2,2529816,3180377,3164146,495571,16231,0,False,683,67.4,B,6784000.0,18.0,1.5,19.5
776,Iyer Packaging Co #776,07ABCDE1776F1Z2,Trading,Gujarat - Morbi,Rs 40L-1Cr,Marwari,1933885,100.0,2003478,2334684,1481014,0.0,2101890,-34.2,752,197.0,48.6,1497942,1251639,1565556,715655,-313917,0,False,,68.5,B,3868000.0,18.0,1.5,19.5
777,Pillai Metal Works #777,07ABCDE1777F1Z3,Trading,UP - Moradabad,Rs 40L-1Cr,English,3378578,91.7,3374314,4190753,2584727,0.3,3295553,-7.0,649,208.7,83.6,2524232,2436989,3060091,488635,-623102,0,True,,68.3,B,6757000.0,18.0,1.5,19.5
778,Jain Ceramics #778,07ABCDE1778F1Z4,Trading,UP - Moradabad,Rs 3-5Cr,Marwari,2815727,66.7,2696540,3345996,2123099,2.2,2614369,-20.2,782,131.7,309.6,1771065,2326759,1592902,824931,733857,0,True,784,74.5,B,5631000.0,18.0,1.5,19.5
779,Desai Metal Works #779,07ABCDE1779F1Z5,Trading,UP - Moradabad,Rs 1-3Cr,Gujarati,1899785,75.0,1791827,2369820,1454036,1.8,2094353,11.0,668,214.0,56.1,1359579,1507914,1653987,561400,-146073,0,True,792,75.3,B,3800000.0,18.0,1.5,19.5
780,Iyer Grains #780,07ABCDE1780F1Z6,Trading,Rajasthan - Bhilwara,Rs 40L-1Cr,English,1596294,75.0,1629417,1942300,1318042,2.4,1716745,34.7,575,190.3,-1.9,1044763,1494304,1377627,218538,116677,3,True,,64.1,C,1596000.0,24.0,2.0,26.0
781,Desai Spice Traders #781,07ABCDE1781F1Z7,Micro-Manufacturing,UP - Moradabad,Rs 3-5Cr,Marwari,1680247,91.7,1725586,2028043,1318923,0.2,1680789,27.3,710,144.8,17.9,1204168,1325457,1090029,326551,235428,0,False,,80.4,A,5041000.0,14.0,1.0,15.0
782,Sharma Spice Traders #782,07ABCDE1782F1Z8,Micro-Manufacturing,Rajasthan - Bhilwara,Rs 3-5Cr,Marwari,2733513,83.3,2767222,3202353,2089067,1.1,2661881,-15.9,502,166.5,-74.5,2123245,1958264,1722409,536845,235855,0,True,,63.4,C,2734000.0,24.0,2.0,26.0
783,Nair Packaging Co #783,07ABCDE1783F1Z0,Micro-Manufacturing,Gujarat - Morbi,Rs 40L-1Cr,Gujarati,2116614,83.3,2292231,2594544,1799799,1.9,1942346,53.3,801,146.0,21.0,1497832,1489829,1230358,384391,259471,0,True,,84.8,A,6350000.0,14.0,1.0,15.0
784,Bansal Agri Traders #784,07ABCDE1784F1Z1,Micro-Manufacturing,Rajasthan - Bhilwara,Rs 40L-1Cr,Hindi,2595562,100.0,2430577,2968770,1955916,0.0,2232538,-22.8,469,173.0,-77.4,1852626,2269688,2015720,390415,253968,0,True,761,63.4,C,2596000.0,24.0,2.0,26.0
785,Chaudhary Metal Works #785,07ABCDE1785F1Z2,Trading,UP - Moradabad,> Rs 5Cr,Marwari,1014978,75.0,1052118,1206883,803581,2.9,1050448,15.4,588,152.8,38.7,709071,999227,708901,237256,290326,0,False,727,75.8,B,2030000.0,18.0,1.5,19.5
786,Pillai Cloth House #786,07ABCDE1786F1Z3,Trading,Rajasthan - Bhilwara,Rs 3-5Cr,Marwari,1062978,100.0,1038461,1306614,818485,0.0,1003189,2.9,789,163.0,39.4,748698,962817,985550,352906,-22733,2,True,710,71.1,B,2126000.0,18.0,1.5,19.5
787,Verma Light Engineering #787,07ABCDE1787F1Z4,Trading,Rajasthan - Bhilwara,> Rs 5Cr,Gujarati,2054828,100.0,1914141,2560135,1575510,0.0,2041088,13.1,534,259.8,-27.8,1617396,1747200,1698101,587198,49099,2,False,671,67.7,B,4110000.0,18.0,1.5,19.5
788,Nair Agri Traders #788,07ABCDE1788F1Z5,Trading,Gujarat - Morbi,Rs 1-3Cr,English,1897919,100.0,1902749,2345036,1443131,0.0,1886934,24.4,690,142.8,46.7,1281860,1273717,1429670,531524,-155953,0,False,795,78.1,B,3796000.0,18.0,1.5,19.5
789,Patel Light Engineering #789,07ABCDE1789F1Z6,Micro-Manufacturing,UP - Moradabad,> Rs 5Cr,Marwari,3317400,91.7,3366216,4047286,2687911,1.6,3057815,-2.8,545,161.2,-36.7,2245270,3049645,2737770,548428,311875,0,True,,65.8,B,6635000.0,18.0,1.5,19.5
790,Malhotra Spice Traders #790,07ABCDE1790F1Z7,Micro-Manufacturing,UP - Moradabad,Rs 3-5Cr,Hindi,1800577,75.0,1920054,2154733,1381999,2.7,1763286,3.2,564,233.2,59.2,1173799,1392559,1311448,268056,81111,1,True,,68.6,B,3601000.0,18.0,1.5,19.5
791,Yadav Plastics #791,07ABCDE1791F1Z8,Micro-Manufacturing,Rajasthan - Bhilwara,Rs 3-5Cr,Gujarati,896315,75.0,893867,1105789,701740,3.5,949830,11.3,683,175.5,-91.9,628182,746202,515461,238305,230741,2,False,,65.8,B,1793000.0,18.0,1.5,19.5
792,Mehta Ceramics #792,07ABCDE1792F1Z0,Micro-Manufacturing,Gujarat - Morbi,Rs 40L-1Cr,English,3447269,83.3,3444477,4228622,2616590,1.2,3547936,-20.8,752,151.7,-37.3,2108472,2793139,3035166,890957,-242027,1,False,800,59.3,C,3447000.0,24.0,2.0,26.0
793,Iyer Metal Works #793,07ABCDE1793F1Z1,Micro-Manufacturing,Rajasthan - Bhilwara,Rs 40L-1Cr,Marwari,3320279,100.0,3289798,4083265,2726033,0.0,3199896,26.1,754,131.7,175.0,2350724,2830441,1936701,419859,893740,0,False,,84.1,A,9961000.0,14.0,1.0,15.0
794,Malhotra Packaging Co #794,07ABCDE1794F1Z2,Trading,UP - Moradabad,> Rs 5Cr,Marwari,465562,75.0,435732,557440,356853,3.5,461328,-29.9,632,187.5,39.1,347347,281431,262084,176273,19347,1,True,,64.5,C,466000.0,24.0,2.0,26.0
795,Nair Cloth House #795,07ABCDE1795F1Z3,Trading,Rajasthan - Bhilwara,< Rs 40L,Gujarati,1969026,100.0,2073678,2437576,1492931,0.0,1910991,-14.9,829,107.5,223.4,1465749,1855663,1406503,444689,449160,2,True,,71.8,B,3938000.0,18.0,1.5,19.5
796,Pillai Grains #796,07ABCDE1796F1Z4,Trading,UP - Moradabad,Rs 3-5Cr,English,1653008,91.7,1634302,1976077,1284935,0.2,1441053,1.5,646,133.8,-48.3,1095810,1377814,1263337,185926,114477,0,True,761,66.2,B,3306000.0,18.0,1.5,19.5
797,Nair Grains #797,07ABCDE1797F1Z5,Micro-Manufacturing,Rajasthan - Bhilwara,< Rs 40L,English,1874708,91.7,1878946,2252883,1465742,1.1,1664423,14.2,372,198.3,58.5,1203784,1826524,994687,734853,831837,0,False,789,80.0,A,5624000.0,14.0,1.0,15.0
798,Desai Textiles #798,07ABCDE1798F1Z6,Trading,Rajasthan - Bhilwara,Rs 40L-1Cr,Hindi,2245388,91.7,2407491,2805916,1737141,0.1,2433508,-38.5,760,191.2,751.6,1698020,2216078,1712415,848810,503663,0,False,,76.4,B,4491000.0,18.0,1.5,19.5
799,Shah Textiles #799,07ABCDE1799F1Z7,Trading,UP - Moradabad,Rs 1-3Cr,Gujarati,3060453,83.3,3017290,3682518,2336512,1.9,2907380,-34.4,504,159.3,78.7,2272528,2947029,2071035,1004207,875994,0,True,,69.3,B,6121000.0,18.0,1.5,19.5
800,Agarwal Timber Traders #800,07ABCDE1800F1Z8,Micro-Manufacturing,Rajasthan - Bhilwara,> Rs 5Cr,Gujarati,3084132,83.3,3429308,3803706,2735223,0.4,3313226,-30.4,623,201.8,148.5,2281950,2237479,2003572,1027580,233907,0,False,,72.9,B,6168000.0,18.0,1.5,19.5
801,Shah Food Processing #801,07ABCDE1801F1Z0,Trading,Rajasthan - Bhilwara,> Rs 5Cr,Gujarati,2743269,100.0,2825119,3283781,2371052,0.0,2518306,8.5,669,149.5,378.3,1810703,2326943,2367023,365055,-40080,1,False,754,72.6,B,5487000.0,18.0,1.5,19.5
802,Chaudhary Auto Parts #802,07ABCDE1802F1Z1,Micro-Manufacturing,Rajasthan - Bhilwara,Rs 1-3Cr,English,2944582,91.7,2988127,3602696,2230677,1.2,2640755,-8.0,921,153.8,148.3,2075310,2900767,2591832,371424,308935,0,True,747,74.3,B,5889000.0,18.0,1.5,19.5
803,Yadav Hardware Store #803,07ABCDE1803F1Z2,Trading,Rajasthan - Bhilwara,< Rs 40L,Gujarati,1179472,66.7,1185766,1470642,893804,3.3,1095192,34.7,668,198.3,-30.0,769486,953230,1059411,253333,-106181,0,False,693,68.5,B,2359000.0,18.0,1.5,19.5
804,Reddy Kirana Wholesale #804,07ABCDE1804F1Z3,Micro-Manufacturing,UP - Moradabad,Rs 3-5Cr,Hindi,3184422,91.7,3302407,3978630,2392425,1.3,3177459,-18.4,787,167.7,103.1,2134436,2890012,2800893,410678,89119,0,False,761,71.1,B,6369000.0,18.0,1.5,19.5
805,Nair Steel Traders #805,07ABCDE1805F1Z4,Trading,Rajasthan - Bhilwara,Rs 3-5Cr,Marwari,3148988,83.3,2998579,3894449,2401892,1.2,2947009,6.9,646,139.0,-8.6,2168533,2466816,2138689,612180,328127,0,True,735,70.7,B,6298000.0,18.0,1.5,19.5
806,Shah Kirana Wholesale #806,07ABCDE1806F1Z5,Micro-Manufacturing,Rajasthan - Bhilwara,< Rs 40L,Gujarati,1925961,100.0,1774623,2200569,1513214,0.0,1969263,39.8,714,136.3,594.9,1375650,1914400,1647445,435253,266955,1,True,,82.6,A,5778000.0,14.0,1.0,15.0
807,Malhotra Fertilizer Depot #807,07ABCDE1807F1Z6,Micro-Manufacturing,Gujarat - Morbi,< Rs 40L,English,2145752,91.7,2122795,2564339,1722393,0.6,1939229,-27.8,546,178.8,-67.6,1565060,1650269,1361116,340547,289153,0,True,,63.1,C,2146000.0,24.0,2.0,26.0
808,Bansal Auto Parts #808,07ABCDE1808F1Z7,Micro-Manufacturing,Rajasthan - Bhilwara,> Rs 5Cr,Marwari,956373,91.7,936016,1179696,720434,1.2,827526,39.8,814,132.0,-38.6,705263,942302,514109,295309,428193,0,False,,81.2,A,2869000.0,14.0,1.0,15.0
809,Yadav Electricals #809,07ABCDE1809F1Z8,Micro-Manufacturing,UP - Moradabad,Rs 1-3Cr,English,1063285,100.0,1051589,1309325,833098,0.0,1197840,-4.9,598,114.8,676.7,763308,1029544,792792,290770,236752,0,False,,76.9,B,2127000.0,18.0,1.5,19.5
810,Rathi Hardware Store #810,07ABCDE1810F1Z0,Micro-Manufacturing,UP - Moradabad,Rs 1-3Cr,Hindi,939957,91.7,933769,1113764,727409,0.8,900354,12.1,637,165.2,-12.6,653523,664339,562700,256107,101639,2,False,,69.4,B,1880000.0,18.0,1.5,19.5
811,Shah Ceramics #811,07ABCDE1811F1Z1,Trading,Rajasthan - Bhilwara,Rs 40L-1Cr,Marwari,2401789,100.0,2524568,2947425,2169608,0.0,2477263,14.4,588,102.2,364.3,1701110,1863655,1347100,849452,516555,2,False,650,76.9,B,4804000.0,18.0,1.5,19.5
812,Reddy Electricals #812,07ABCDE1812F1Z2,Trading,UP - Moradabad,> Rs 5Cr,English,3351693,75.0,3284726,4107612,2573227,1.7,3443585,22.8,669,150.8,497.2,2431998,2128939,2280567,756189,-151628,2,False,,68.5,B,6703000.0,18.0,1.5,19.5
813,Iyer Kirana Wholesale #813,07ABCDE1813F1Z3,Trading,UP - Moradabad,Rs 3-5Cr,Gujarati,1041471,91.7,1051652,1301069,853592,1.2,952728,-5.8,654,152.0,-84.9,689102,677110,965282,300527,-288172,0,True,692,60.0,C,1041000.0,24.0,2.0,26.0
814,Desai Electricals #814,07ABCDE1814F1Z4,Micro-Manufacturing,UP - Moradabad,Rs 1-3Cr,Hindi,3019793,91.7,3076094,3350121,2465044,0.2,2806421,-9.5,960,157.5,129.3,2253090,1993346,1549643,681323,443703,2,True,767,76.7,B,6040000.0,18.0,1.5,19.5
815,Verma Cloth House #815,07ABCDE1815F1Z5,Micro-Manufacturing,Gujarat - Morbi,Rs 3-5Cr,English,3309671,91.7,3254194,3939061,2500081,1.5,3224541,-15.1,547,85.8,78.6,2354840,2960136,1878382,553683,1081754,0,True,,70.1,B,6619000.0,18.0,1.5,19.5
816,Nair Cloth House #816,07ABCDE1816F1Z6,Trading,UP - Moradabad,Rs 1-3Cr,Hindi,2419432,83.3,2468426,2954351,2004903,2.2,2270646,-1.1,532,145.2,-40.5,1695615,2012195,1808211,789797,203984,0,True,,66.3,B,4839000.0,18.0,1.5,19.5
817,Bansal Plastics #817,07ABCDE1817F1Z7,Trading,UP - Moradabad,Rs 3-5Cr,Gujarati,2056612,75.0,2123904,2549119,1713252,3.8,2100406,35.3,706,159.2,-69.0,1406602,1339782,1890030,696827,-550248,0,False,709,65.6,B,4113000.0,18.0,1.5,19.5
818,Shah Food Processing #818,07ABCDE1818F1Z8,Micro-Manufacturing,Gujarat - Morbi,> Rs 5Cr,Gujarati,3452480,91.7,3719469,4211856,2690691,0.6,3319811,-9.7,741,173.8,-31.3,2291978,3193023,2346302,1191398,846721,0,False,,74.8,B,6905000.0,18.0,1.5,19.5
819,Malhotra Hardware Store #819,07ABCDE1819F1Z0,Trading,Rajasthan - Bhilwara,< Rs 40L,Gujarati,2115173,91.7,2244596,2633240,1680208,0.2,2262573,-23.0,552,159.0,-83.8,1436156,2055768,1619873,477898,435895,1,True,,62.1,C,2115000.0,24.0,2.0,26.0
820,Verma Plastics #820,07ABCDE1820F1Z1,Trading,UP - Moradabad,< Rs 40L,Hindi,524506,83.3,529522,637571,404861,1.2,535710,20.7,653,185.7,144.1,377886,463068,399835,116676,63233,3,True,725,70.6,B,1049000.0,18.0,1.5,19.5
821,Nair Food Processing #821,07ABCDE1821F1Z2,Micro-Manufacturing,Gujarat - Morbi,Rs 1-3Cr,English,412294,91.7,429463,500566,327434,0.8,358540,19.7,817,156.2,-84.4,287758,350615,348641,64948,1974,0,False,697,71.4,B,825000.0,18.0,1.5,19.5
822,Shah Plastics #822,07ABCDE1822F1Z3,Trading,Gujarat - Morbi,> Rs 5Cr,Hindi,1597853,75.0,1587547,1987501,1327057,2.2,1487729,-24.4,592,129.0,16.0,1048924,1153035,1428539,367179,-275504,1,False,,55.2,C,1598000.0,24.0,2.0,26.0
823,Bansal Electricals #823,07ABCDE1823F1Z4,Trading,Rajasthan - Bhilwara,Rs 3-5Cr,English,2711430,83.3,2815814,3326356,2401288,2.9,2870546,13.0,666,216.3,-55.4,1987526,2529677,2325636,883039,204041,0,False,770,71.9,B,5423000.0,18.0,1.5,19.5
824,Kapoor Light Engineering #824,07ABCDE1824F1Z5,Trading,UP - Moradabad,< Rs 40L,Hindi,1263640,83.3,1227414,1477141,961599,1.2,1228631,-32.9,742,168.3,-53.2,892101,1011695,956209,218065,55486,0,False,,60.8,C,1264000.0,24.0,2.0,26.0
825,Iyer Food Processing #825,07ABCDE1825F1Z6,Micro-Manufacturing,Rajasthan - Bhilwara,Rs 3-5Cr,English,2640856,75.0,2644788,3263507,2070628,4.6,2560245,-15.5,585,84.2,52.6,1726927,2483932,2310774,566914,173158,0,True,,63.5,C,2641000.0,24.0,2.0,26.0
826,Malhotra Ceramics #826,07ABCDE1826F1Z7,Micro-Manufacturing,Rajasthan - Bhilwara,< Rs 40L,English,935951,75.0,900431,1132992,712138,2.8,1025845,-34.4,836,165.5,51.9,671372,886616,861910,216358,24706,0,False,790,66.9,B,1872000.0,18.0,1.5,19.5
827,Shah Light Engineering #827,07ABCDE1827F1Z8,Micro-Manufacturing,UP - Moradabad,Rs 40L-1Cr,Hindi,1311981,100.0,1205333,1623812,1043812,0.0,1408647,37.6,684,232.3,-40.0,1013334,878878,661400,401222,217478,0,True,,84.1,A,3936000.0,14.0,1.0,15.0
828,Jain Food Processing #828,07ABCDE1828F1Z0,Micro-Manufacturing,Gujarat - Morbi,< Rs 40L,Hindi,1849742,91.7,1755453,2115956,1453662,1.2,1978667,-22.2,652,165.5,119.1,1435353,1826132,1087732,360977,738400,0,False,,74.3,B,3699000.0,18.0,1.5,19.5
829,Rathi Hardware Store #829,07ABCDE1829F1Z1,Micro-Manufacturing,Rajasthan - Bhilwara,> Rs 5Cr,English,1048893,75.0,972168,1156996,818065,2.9,1043210,-27.5,916,169.5,-4.4,675663,885329,655007,282350,230322,3,True,747,62.0,C,1049000.0,24.0,2.0,26.0
830,Yadav Food Processing #830,07ABCDE1830F1Z2,Trading,Gujarat - Morbi,Rs 3-5Cr,Hindi,379247,83.3,420954,471395,341422,1.9,405753,22.7,523,142.3,-31.7,247304,227733,281341,141008,-53608,0,False,661,65.3,B,758000.0,18.0,1.5,19.5
831,Sharma Timber Traders #831,07ABCDE1831F1Z3,Micro-Manufacturing,UP - Moradabad,Rs 3-5Cr,Marwari,2145693,91.7,2149152,2633980,1759819,0.2,2249753,-24.9,610,143.0,18.9,1617835,1305405,1597587,386590,-292182,0,True,,62.8,C,2146000.0,24.0,2.0,26.0
832,Sharma Food Processing #832,07ABCDE1832F1Z4,Trading,Gujarat - Morbi,Rs 3-5Cr,English,2749544,100.0,2834130,3430021,2203901,0.0,2861432,41.7,668,177.0,839.3,1817827,2571859,1982130,333474,589729,0,False,,86.4,A,8249000.0,14.0,1.0,15.0
833,Patel Spice Traders #833,07ABCDE1833F1Z5,Trading,UP - Moradabad,< Rs 40L,Gujarati,2315495,100.0,2334265,2888615,1739679,0.0,2422341,34.6,452,120.3,-52.4,1655770,1722135,2185016,265794,-462881,0,False,,63.2,C,2315000.0,24.0,2.0,26.0
834,Pillai Auto Parts #834,07ABCDE1834F1Z6,Micro-Manufacturing,UP - Moradabad,> Rs 5Cr,Gujarati,2122008,100.0,2215047,2597496,1653350,0.0,2115129,-9.4,635,183.3,-12.6,1523400,1626038,1506761,704453,119277,2,True,,66.8,B,4244000.0,18.0,1.5,19.5
835,Yadav Light Engineering #835,07ABCDE1835F1Z7,Trading,Rajasthan - Bhilwara,< Rs 40L,English,185059,91.7,181411,227922,140399,1.3,192015,-9.5,579,168.7,-60.3,125875,139254,146169,33391,-6915,0,False,,62.1,C,185000.0,24.0,2.0,26.0
836,Gupta Timber Traders #836,07ABCDE1836F1Z8,Micro-Manufacturing,UP - Moradabad,Rs 3-5Cr,Hindi,1805744,91.7,1723647,2230563,1403261,0.6,1675002,30.0,670,142.0,-28.9,1209887,1668446,1684284,423699,-15838,0,True,667,70.2,B,3611000.0,18.0,1.5,19.5
837,Rathi Auto Parts #837,07ABCDE1837F1Z0,Micro-Manufacturing,Rajasthan - Bhilwara,Rs 3-5Cr,Marwari,1601226,83.3,1568665,1821064,1201131,1.5,1663937,6.4,508,156.8,16.5,1023438,1589655,897625,462501,692030,0,True,,75.0,B,3202000.0,18.0,1.5,19.5
838,Agarwal Agri Traders #838,07ABCDE1838F1Z1,Micro-Manufacturing,Rajasthan - Bhilwara,< Rs 40L,Hindi,1064132,100.0,1060193,1241361,827080,0.0,1152256,19.8,646,154.7,329.7,790838,930301,919938,150367,10363,3,False,748,69.1,B,2128000.0,18.0,1.5,19.5
839,Reddy Packaging Co #839,07ABCDE1839F1Z2,Micro-Manufacturing,Gujarat - Morbi,< Rs 40L,English,178381,50.0,169809,219789,136307,2.0,183111,-12.2,670,148.7,-28.0,119994,135367,115543,58518,19824,0,True,676,60.9,C,178000.0,24.0,2.0,26.0
840,Agarwal Cloth House #840,07ABCDE1840F1Z3,Trading,Gujarat - Morbi,Rs 40L-1Cr,Gujarati,3074874,100.0,3212989,3669724,2508026,0.0,3518079,-2.4,995,240.8,32.7,2070970,2954891,1977594,983067,977297,0,False,713,84.5,A,9225000.0,14.0,1.0,15.0
841,Reddy Cloth House #841,07ABCDE1841F1Z4,Micro-Manufacturing,Rajasthan - Bhilwara,> Rs 5Cr,Hindi,2111366,91.7,2047352,2633919,1586713,1.2,2328317,-23.6,727,167.8,-75.0,1519692,1834614,1800289,217568,34325,0,True,738,60.4,C,2111000.0,24.0,2.0,26.0
842,Agarwal Agri Traders #842,07ABCDE1842F1Z5,Trading,UP - Moradabad,Rs 40L-1Cr,Hindi,2511227,91.7,2566587,3103342,1942453,1.5,2532404,-31.9,825,119.3,-13.8,1788691,1514026,2143874,790392,-629848,0,True,661,57.1,C,2511000.0,24.0,2.0,26.0
843,Rathi Fertilizer Depot #843,07ABCDE1843F1Z6,Micro-Manufacturing,UP - Moradabad,Rs 3-5Cr,Marwari,1166255,91.7,1063259,1425121,926001,0.2,1162807,21.3,586,169.5,52.0,726426,1074590,1027754,117129,46836,3,False,,66.2,B,2333000.0,18.0,1.5,19.5
844,Malhotra Textiles #844,07ABCDE1844F1Z7,Trading,Rajasthan - Bhilwara,Rs 40L-1Cr,English,2722494,91.7,2656166,3207501,2130117,0.6,2712225,-9.2,782,141.8,120.3,2131561,1922386,1939563,293383,-17177,0,False,654,72.1,B,5445000.0,18.0,1.5,19.5
845,Singh Light Engineering #845,07ABCDE1845F1Z8,Micro-Manufacturing,Gujarat - Morbi,< Rs 40L,Gujarati,2526279,91.7,2552495,3045606,1897993,0.5,2445907,-36.7,602,101.5,492.0,1723441,1880942,1356720,535577,524222,0,False,767,69.9,B,5053000.0,18.0,1.5,19.5
846,Patel Spice Traders #846,07ABCDE1846F1Z0,Micro-Manufacturing,Rajasthan - Bhilwara,Rs 40L-1Cr,Gujarati,3164631,91.7,3002970,3844330,2417845,1.4,3426449,-26.8,684,156.7,133.3,2191062,3090449,2353455,769146,736994,0,False,,74.0,B,6329000.0,18.0,1.5,19.5
847,Kapoor Cloth House #847,07ABCDE1847F1Z1,Trading,Rajasthan - Bhilwara,Rs 3-5Cr,English,1277651,100.0,1146190,1439588,979721,0.0,1329109,-6.2,699,142.0,125.7,838040,1009817,800816,223712,209001,3,False,,69.5,B,2555000.0,18.0,1.5,19.5
848,Shah Auto Parts #848,07ABCDE1848F1Z2,Micro-Manufacturing,UP - Moradabad,Rs 1-3Cr,Hindi,3204042,83.3,3056346,4002133,2437202,1.9,2973656,21.4,490,137.7,-61.8,2269416,2628531,2835754,770044,-207223,0,False,,63.4,C,3204000.0,24.0,2.0,26.0
849,Nair Plastics #849,07ABCDE1849F1Z3,Trading,Rajasthan - Bhilwara,Rs 1-3Cr,English,1742952,91.7,1749035,2105821,1325982,1.0,1892665,-9.5,600,184.2,9.5,1220780,1233363,1051289,245046,182074,0,True,,71.2,B,3486000.0,18.0,1.5,19.5
850,Verma Plastics #850,07ABCDE1850F1Z4,Trading,UP - Moradabad,Rs 3-5Cr,Marwari,3220902,83.3,3323727,3902319,2547284,0.4,3415141,34.0,620,125.5,295.9,2267640,2702220,2906885,925005,-204665,1,False,735,74.4,B,6442000.0,18.0,1.5,19.5
851,Yadav Agri Traders #851,07ABCDE1851F1Z5,Micro-Manufacturing,Rajasthan - Bhilwara,> Rs 5Cr,English,1924388,66.7,1935806,2372122,1447909,2.5,1966277,21.8,584,111.5,-56.9,1219698,1159051,1470137,423785,-311086,0,True,698,57.3,C,1924000.0,24.0,2.0,26.0
852,Jain Textiles #852,07ABCDE1852F1Z6,Trading,Gujarat - Morbi,Rs 3-5Cr,Hindi,1783081,66.7,1634054,2049858,1339908,4.8,1788467,-18.5,712,177.0,-84.1,1309003,1727798,1397212,476754,330586,0,True,711,61.6,C,1783000.0,24.0,2.0,26.0
853,Reddy Light Engineering #853,07ABCDE1853F1Z7,Micro-Manufacturing,Gujarat - Morbi,Rs 3-5Cr,English,2784771,83.3,2709511,3317631,2256594,3.1,2822946,-36.8,595,194.2,-82.7,1924428,1745179,2432368,866343,-687189,0,True,735,54.1,C,2785000.0,24.0,2.0,26.0
854,Malhotra Food Processing #854,07ABCDE1854F1Z8,Micro-Manufacturing,UP - Moradabad,< Rs 40L,Marwari,2872797,100.0,3170310,3544117,2508186,0.0,2726598,-28.0,633,159.7,-65.0,2109966,2251722,2424088,647915,-172366,0,True,708,62.1,C,2873000.0,24.0,2.0,26.0
855,Malhotra Kirana Wholesale #855,07ABCDE1855F1Z0,Micro-Manufacturing,Rajasthan - Bhilwara,Rs 1-3Cr,Marwari,2789213,83.3,2792016,3428192,2185816,2.0,2469796,-0.2,806,153.8,25.0,1888256,1962088,2566448,988939,-604360,0,False,,68.0,B,5578000.0,18.0,1.5,19.5
856,Chaudhary Auto Parts #856,07ABCDE1856F1Z1,Micro-Manufacturing,Rajasthan - Bhilwara,Rs 3-5Cr,Gujarati,3302744,100.0,3264206,4117521,2554912,0.0,3359715,-17.0,494,197.5,-29.5,2373707,3082498,1803589,451988,1278909,0,False,772,67.6,B,6605000.0,18.0,1.5,19.5
857,Desai Electricals #857,07ABCDE1857F1Z2,Micro-Manufacturing,Rajasthan - Bhilwara,> Rs 5Cr,Marwari,2744909,83.3,2824082,3423509,2235817,1.3,2904561,38.2,613,78.7,75.6,1739704,2394691,1696585,304026,698106,1,False,729,75.4,B,5490000.0,18.0,1.5,19.5
858,Chaudhary Fertilizer Depot #858,07ABCDE1858F1Z3,Micro-Manufacturing,Rajasthan - Bhilwara,Rs 3-5Cr,Gujarati,3128234,83.3,3220402,3702068,2558045,2.7,3329004,-1.6,605,170.8,63.4,2071348,2885976,2330093,1202987,555883,0,False,,77.0,B,6256000.0,18.0,1.5,19.5
859,Yadav Auto Parts #859,07ABCDE1859F1Z4,Trading,Gujarat - Morbi,> Rs 5Cr,English,2397592,83.3,2439423,2881342,1864674,1.2,2494147,28.1,679,153.5,32.1,1770895,2025360,1429529,527710,595831,0,False,,81.8,A,7193000.0,14.0,1.0,15.0
860,Sharma Agri Traders #860,07ABCDE1860F1Z5,Trading,Gujarat - Morbi,Rs 40L-1Cr,English,2452694,91.7,2549684,3028077,1855653,0.2,2706601,50.2,939,171.7,-75.9,1688915,1726295,2053681,424889,-327386,0,False,,74.2,B,4905000.0,18.0,1.5,19.5
861,Bansal Steel Traders #861,07ABCDE1861F1Z6,Trading,UP - Moradabad,Rs 40L-1Cr,Gujarati,457842,83.3,443082,551133,348830,2.4,514603,6.6,708,174.8,36.1,310440,396625,352062,126990,44563,1,False,,73.3,B,916000.0,18.0,1.5,19.5
862,Rathi Packaging Co #862,07ABCDE1862F1Z7,Trading,UP - Moradabad,< Rs 40L,Marwari,1080076,91.7,1010606,1325984,843288,0.8,1080725,41.0,569,144.7,-38.8,855774,898610,925617,375765,-27007,0,True,754,74.0,B,2160000.0,18.0,1.5,19.5
863,Sharma Packaging Co #863,07ABCDE1863F1Z8,Micro-Manufacturing,Rajasthan - Bhilwara,> Rs 5Cr,Gujarati,2802599,83.3,2949754,3431166,2297153,1.5,2911687,34.5,806,107.5,173.0,1954581,2182794,1757684,317292,425110,0,False,716,81.3,A,8408000.0,14.0,1.0,15.0
864,Rathi Packaging Co #864,07ABCDE1864F1Z0,Micro-Manufacturing,Gujarat - Morbi,Rs 1-3Cr,English,3446209,100.0,3378686,4269413,2604415,0.0,3598765,30.8,864,218.0,44.2,2210438,2678775,2309167,589184,369608,0,True,,86.5,A,10339000.0,14.0,1.0,15.0
865,Yadav Timber Traders #865,07ABCDE1865F1Z1,Micro-Manufacturing,UP - Moradabad,Rs 1-3Cr,Gujarati,1453217,66.7,1397050,1674014,1109581,1.5,1679673,13.2,638,225.5,1.4,1008057,1307562,754858,223987,552704,0,True,,73.6,B,2906000.0,18.0,1.5,19.5
866,Verma Light Engineering #866,07ABCDE1866F1Z2,Micro-Manufacturing,Gujarat - Morbi,< Rs 40L,Gujarati,898531,83.3,857718,1044045,674572,2.3,999180,-7.7,591,155.3,-19.5,593000,611060,729160,267498,-118100,0,True,725,61.2,C,899000.0,24.0,2.0,26.0
867,Chaudhary Metal Works #867,07ABCDE1867F1Z3,Micro-Manufacturing,Gujarat - Morbi,Rs 40L-1Cr,English,1351021,83.3,1355168,1660407,1025354,1.2,1192744,-7.3,412,184.2,-46.4,877074,1226344,913794,158569,312550,0,False,670,63.6,C,1351000.0,24.0,2.0,26.0
868,Rathi Hardware Store #868,07ABCDE1868F1Z4,Trading,UP - Moradabad,Rs 3-5Cr,Marwari,1050157,66.7,1080970,1305603,880270,4.4,976813,-9.3,797,225.7,47.4,736861,1041045,921963,371737,119082,0,False,663,73.9,B,2100000.0,18.0,1.5,19.5
869,Gupta Agri Traders #869,07ABCDE1869F1Z5,Micro-Manufacturing,Gujarat - Morbi,< Rs 40L,Hindi,1169904,91.7,1264152,1436039,1001362,0.7,1180620,11.8,558,169.2,56.6,757362,1054958,757484,157647,297474,0,False,688,78.7,B,2340000.0,18.0,1.5,19.5
870,Mehta Auto Parts #870,07ABCDE1870F1Z6,Trading,Gujarat - Morbi,> Rs 5Cr,Gujarati,621186,83.3,632547,760703,542853,2.5,674240,-25.7,538,111.0,68.3,465613,585417,313323,202165,272094,0,False,762,70.7,B,1242000.0,18.0,1.5,19.5
871,Patel Auto Parts #871,07ABCDE1871F1Z7,Micro-Manufacturing,UP - Moradabad,< Rs 40L,Hindi,3488649,91.7,3589378,4198935,2684505,1.7,3619523,-14.0,779,197.5,424.4,2370810,3417449,2921402,1235053,496047,1,False,,75.8,B,6977000.0,18.0,1.5,19.5
872,Reddy Textiles #872,07ABCDE1872F1Z8,Micro-Manufacturing,Gujarat - Morbi,Rs 40L-1Cr,Gujarati,1588849,91.7,1514557,1911643,1203340,1.4,1643591,-26.8,694,254.8,-5.7,1079448,1212223,1046482,493713,165741,0,False,762,70.4,B,3178000.0,18.0,1.5,19.5
873,Reddy Light Engineering #873,07ABCDE1873F1Z0,Micro-Manufacturing,UP - Moradabad,Rs 3-5Cr,Marwari,3046868,91.7,3226369,3677687,2320701,0.1,3335500,-33.8,644,84.0,115.6,2038811,3013717,1877442,570768,1136275,0,True,,69.6,B,6094000.0,18.0,1.5,19.5
874,Kapoor Light Engineering #874,07ABCDE1874F1Z1,Micro-Manufacturing,UP - Moradabad,Rs 3-5Cr,English,3123797,83.3,2985843,3783212,2379910,1.9,3018703,-9.5,634,150.2,113.6,2142108,2760664,2624533,1002219,136131,0,False,,71.8,B,6248000.0,18.0,1.5,19.5
875,Malhotra Ceramics #875,07ABCDE1875F1Z2,Micro-Manufacturing,Gujarat - Morbi,Rs 1-3Cr,English,3495144,75.0,3536476,4136448,2791785,1.3,3706215,-11.3,667,133.5,119.2,2406361,3144667,2298489,1177183,846178,0,True,,75.4,B,6990000.0,18.0,1.5,19.5
876,Nair Food Processing #876,07ABCDE1876F1Z3,Micro-Manufacturing,Rajasthan - Bhilwara,> Rs 5Cr,Gujarati,3060887,100.0,2978905,3651850,2447532,0.0,3076458,-1.3,616,213.8,-10.3,2159049,2526500,2852482,599328,-325982,0,False,,69.2,B,6122000.0,18.0,1.5,19.5
877,Mehta Electricals #877,07ABCDE1877F1Z4,Trading,Rajasthan - Bhilwara,Rs 1-3Cr,English,204623,91.7,200289,241117,155003,0.6,207149,11.0,558,166.8,3.6,154240,182954,134550,36004,48404,3,False,717,66.8,B,409000.0,18.0,1.5,19.5
878,Shah Packaging Co #878,07ABCDE1878F1Z5,Trading,Rajasthan - Bhilwara,> Rs 5Cr,Gujarati,487158,83.3,490243,590505,373495,2.2,500925,4.7,868,174.7,46.0,358671,385246,393028,52128,-7782,0,True,736,72.8,B,974000.0,18.0,1.5,19.5
879,Singh Grains #879,07ABCDE1879F1Z6,Micro-Manufacturing,Gujarat - Morbi,Rs 1-3Cr,English,1887232,83.3,1741528,2186039,1463799,2.0,1954325,19.6,730,168.7,622.0,1357091,1525422,1559908,316040,-34486,0,False,,75.6,B,3774000.0,18.0,1.5,19.5
880,Reddy Kirana Wholesale #880,07ABCDE1880F1Z7,Trading,UP - Moradabad,> Rs 5Cr,Hindi,2254278,75.0,2244270,2723297,1690844,2.0,2337403,42.4,662,136.5,-50.0,1465346,1418419,1728025,809943,-309606,1,True,,63.3,C,2254000.0,24.0,2.0,26.0
881,Pillai Timber Traders #881,07ABCDE1881F1Z8,Trading,Rajasthan - Bhilwara,Rs 1-3Cr,Gujarati,608870,75.0,618174,725379,485623,3.5,587473,-17.0,697,194.3,54.3,472624,579176,565628,84754,13548,0,False,724,67.6,B,1218000.0,18.0,1.5,19.5
882,Reddy Metal Works #882,07ABCDE1882F1Z0,Micro-Manufacturing,Rajasthan - Bhilwara,Rs 1-3Cr,English,2899460,75.0,2954274,3542792,2270833,3.7,2618518,-32.6,662,101.7,-58.6,1873259,2211997,2082715,700098,129282,0,False,,56.8,C,2899000.0,24.0,2.0,26.0
883,Shah Cloth House #883,07ABCDE1883F1Z1,Trading,Gujarat - Morbi,Rs 3-5Cr,English,1605634,75.0,1644101,1977677,1280194,2.0,1550673,7.1,721,169.8,46.0,1086798,1527061,1064334,263296,462727,0,True,,76.8,B,3211000.0,18.0,1.5,19.5
884,Malhotra Electricals #884,07ABCDE1884F1Z2,Micro-Manufacturing,UP - Moradabad,Rs 40L-1Cr,Gujarati,684761,100.0,702924,838509,514543,0.0,670698,-22.5,495,174.2,75.6,489154,425878,505394,167234,-79516,3,False,750,57.9,C,685000.0,24.0,2.0,26.0
885,Malhotra Steel Traders #885,07ABCDE1885F1Z3,Trading,Gujarat - Morbi,Rs 3-5Cr,English,926207,100.0,932172,1143355,734681,0.0,874897,-24.2,798,151.2,9.0,657767,819211,551940,133341,267271,0,False,,73.4,B,1852000.0,18.0,1.5,19.5
886,Pillai Ceramics #886,07ABCDE1886F1Z4,Trading,UP - Moradabad,Rs 1-3Cr,Hindi,2799597,91.7,2871471,3487280,2139637,1.5,3171476,-5.0,736,124.7,-12.6,1829428,1788245,2021807,531094,-233562,0,False,752,65.9,B,5599000.0,18.0,1.5,19.5
887,Bansal Timber Traders #887,07ABCDE1887F1Z5,Micro-Manufacturing,UP - Moradabad,< Rs 40L,Marwari,418994,83.3,420505,477244,326870,0.5,468342,-8.0,430,144.8,-15.6,269173,281721,362546,143326,-80825,0,False,665,59.9,C,419000.0,24.0,2.0,26.0
888,Singh Hardware Store #888,07ABCDE1888F1Z6,Micro-Manufacturing,Gujarat - Morbi,Rs 1-3Cr,Gujarati,727452,58.3,742491,904116,551467,3.9,680134,27.4,762,214.7,-48.9,461956,691860,659863,278494,31997,1,False,769,67.1,B,1455000.0,18.0,1.5,19.5
889,Reddy Packaging Co #889,07ABCDE1889F1Z7,Micro-Manufacturing,Gujarat - Morbi,> Rs 5Cr,English,2945240,91.7,2945444,3669679,2289006,0.4,2755984,20.2,606,196.2,-6.5,2149340,2309301,1788452,480739,520849,0,True,,77.3,B,5890000.0,18.0,1.5,19.5
890,Desai Fertilizer Depot #890,07ABCDE1890F1Z8,Trading,Rajasthan - Bhilwara,Rs 1-3Cr,Marwari,845701,91.7,868753,1045890,681078,0.7,715008,4.0,487,152.5,-68.4,610582,549798,542299,269162,7499,0,False,,66.1,B,1691000.0,18.0,1.5,19.5
891,Chaudhary Plastics #891,07ABCDE1891F1Z0,Micro-Manufacturing,Rajasthan - Bhilwara,< Rs 40L,English,3214957,91.7,3139877,3780812,2525192,0.7,3428623,-3.0,521,164.8,-21.1,2193581,2075340,2944728,1220430,-869388,0,False,745,63.3,C,3215000.0,24.0,2.0,26.0
892,Yadav Electricals #892,07ABCDE1892F1Z1,Trading,Gujarat - Morbi,< Rs 40L,English,1928686,83.3,1921981,2349166,1595855,1.8,1850529,4.7,748,154.0,-29.7,1334157,1284510,1498218,660057,-213708,0,False,,66.5,B,3857000.0,18.0,1.5,19.5
893,Jain Packaging Co #893,07ABCDE1893F1Z2,Micro-Manufacturing,Gujarat - Morbi,> Rs 5Cr,English,502510,83.3,535272,624410,426984,1.3,504131,-17.4,778,182.0,266.7,356561,327844,453415,97029,-125571,0,False,,68.6,B,1005000.0,18.0,1.5,19.5
894,Chaudhary Metal Works #894,07ABCDE1894F1Z3,Micro-Manufacturing,Rajasthan - Bhilwara,> Rs 5Cr,Hindi,2875245,91.7,3049242,3566651,2227530,0.8,2666459,-22.4,669,144.5,-72.2,2250822,2170644,1631327,850895,539317,0,True,778,70.0,B,5750000.0,18.0,1.5,19.5
895,Nair Spice Traders #895,07ABCDE1895F1Z4,Micro-Manufacturing,Gujarat - Morbi,> Rs 5Cr,Gujarati,2405370,91.7,2440159,2995522,1937387,0.7,2374475,-3.3,1041,178.2,3.7,1796725,2049498,1640984,272391,408514,0,False,,74.5,B,4811000.0,18.0,1.5,19.5
896,Verma Steel Traders #896,07ABCDE1896F1Z5,Trading,Gujarat - Morbi,Rs 40L-1Cr,English,1118113,100.0,1121603,1329976,880974,0.0,1184073,-19.7,574,177.3,-36.5,773311,865018,670294,241112,194724,1,False,791,67.5,B,2236000.0,18.0,1.5,19.5
897,Mehta Kirana Wholesale #897,07ABCDE1897F1Z6,Trading,UP - Moradabad,Rs 3-5Cr,Marwari,1034175,100.0,1032428,1276207,791488,0.0,1016792,29.0,561,156.0,236.4,666265,920042,736979,195469,183063,0,True,,82.1,A,3103000.0,14.0,1.0,15.0
898,Sharma Plastics #898,07ABCDE1898F1Z7,Trading,UP - Moradabad,Rs 40L-1Cr,English,3290044,75.0,3359803,4013294,2490376,2.2,3028895,56.7,670,172.7,21.9,2690056,2167726,1740148,1113218,427578,3,True,669,72.0,B,6580000.0,18.0,1.5,19.5
899,Yadav Auto Parts #899,07ABCDE1899F1Z8,Trading,Rajasthan - Bhilwara,Rs 40L-1Cr,Marwari,2892657,91.7,2990802,3610809,2348292,1.7,2669548,-6.2,677,128.8,-1.5,2110683,2600437,1644876,1027001,955561,0,False,749,73.7,B,5785000.0,18.0,1.5,19.5
900,Gupta Packaging Co #900,07ABCDE1900F1Z0,Micro-Manufacturing,Gujarat - Morbi,> Rs 5Cr,Gujarati,2500286,91.7,2740728,3071731,1985367,1.3,2295048,-18.5,549,175.8,-84.2,1894533,2409700,2309608,868253,100092,0,True,,64.5,C,2500000.0,24.0,2.0,26.0
901,Verma Ceramics #901,07ABCDE1901F1Z1,Trading,Rajasthan - Bhilwara,Rs 40L-1Cr,Gujarati,2910603,91.7,3019838,3638096,2365975,0.8,2877793,-7.6,601,133.0,-74.7,2165565,2839318,2600955,754549,238363,0,True,717,64.6,C,2911000.0,24.0,2.0,26.0
902,Shah Hardware Store #902,07ABCDE1902F1Z2,Micro-Manufacturing,UP - Moradabad,> Rs 5Cr,Gujarati,1322915,83.3,1269490,1537675,1029528,2.8,1344173,-17.3,620,142.5,40.6,893598,1204242,864468,393309,339774,2,True,,67.1,B,2646000.0,18.0,1.5,19.5
903,Verma Food Processing #903,07ABCDE1903F1Z3,Trading,Rajasthan - Bhilwara,< Rs 40L,Hindi,3318624,91.7,3246972,4074609,2597351,0.6,3578829,63.9,732,164.0,79.2,2377021,2416565,1811234,1309588,605331,0,True,746,91.0,A,9956000.0,14.0,1.0,15.0
904,Mehta Hardware Store #904,07ABCDE1904F1Z4,Micro-Manufacturing,UP - Moradabad,Rs 1-3Cr,Gujarati,288018,91.7,302283,356592,235415,0.7,277303,56.8,815,156.7,25.1,202386,269098,247795,92811,21303,0,True,698,85.0,A,864000.0,14.0,1.0,15.0
905,Kapoor Metal Works #905,07ABCDE1905F1Z5,Trading,Rajasthan - Bhilwara,Rs 40L-1Cr,English,2478910,58.3,2315642,3038837,1885326,3.8,2401033,-12.0,748,221.5,89.0,1778604,2040954,2270446,307521,-229492,2,True,733,57.4,C,2479000.0,24.0,2.0,26.0
906,Chaudhary Plastics #906,07ABCDE1906F1Z6,Trading,Gujarat - Morbi,< Rs 40L,English,2182364,91.7,2070415,2628302,1702840,0.5,1887942,7.7,754,121.0,56.3,1570104,1735481,1851458,392763,-115977,0,True,,74.0,B,4365000.0,18.0,1.5,19.5
907,Malhotra Hardware Store #907,07ABCDE1907F1Z7,Micro-Manufacturing,Rajasthan - Bhilwara,Rs 40L-1Cr,English,755013,83.3,759034,932284,588462,1.0,770639,23.7,561,180.3,-14.7,562210,651633,470991,168705,180642,2,True,688,68.4,B,1510000.0,18.0,1.5,19.5
908,Agarwal Steel Traders #908,07ABCDE1908F1Z8,Micro-Manufacturing,UP - Moradabad,> Rs 5Cr,Gujarati,2142508,91.7,2022850,2554964,1669005,0.3,2118821,-8.6,803,161.5,81.7,1492840,1873458,1267483,799015,605975,0,True,,81.5,A,6428000.0,14.0,1.0,15.0
909,Kapoor Food Processing #909,07ABCDE1909F1Z0,Trading,Gujarat - Morbi,Rs 40L-1Cr,Hindi,1783943,75.0,1774439,2133330,1484086,2.9,1925803,-35.4,711,223.7,-35.2,1183472,1362499,1618908,581537,-256409,0,False,,58.2,C,1784000.0,24.0,2.0,26.0
910,Mehta Grains #910,07ABCDE1910F1Z1,Trading,Rajasthan - Bhilwara,Rs 40L-1Cr,Marwari,2137633,91.7,2026430,2437724,1682588,1.7,2061962,28.6,566,159.2,-0.9,1653087,1972283,1479444,691193,492839,0,False,748,80.5,A,6413000.0,14.0,1.0,15.0
911,Reddy Steel Traders #911,07ABCDE1911F1Z2,Trading,UP - Moradabad,> Rs 5Cr,English,198112,75.0,197877,239326,150413,2.3,171061,0.6,390,184.8,176.8,136028,147348,137649,44133,9699,0,False,663,69.9,B,396000.0,18.0,1.5,19.5
912,Jain Food Processing #912,07ABCDE1912F1Z3,Trading,UP - Moradabad,Rs 40L-1Cr,Marwari,979278,83.3,945930,1217048,747107,2.8,990813,70.3,640,159.2,-84.1,674635,618585,687017,236303,-68432,0,True,,72.3,B,1959000.0,18.0,1.5,19.5
913,Pillai Light Engineering #913,07ABCDE1913F1Z4,Micro-Manufacturing,UP - Moradabad,> Rs 5Cr,Hindi,1441659,91.7,1441127,1781738,1157588,0.8,1218947,-16.5,690,178.8,-47.2,963455,1098739,915064,495234,183675,0,True,797,71.5,B,2883000.0,18.0,1.5,19.5
914,Pillai Light Engineering #914,07ABCDE1914F1Z5,Micro-Manufacturing,UP - Moradabad,< Rs 40L,Gujarati,1888714,83.3,1933218,2319658,1511443,1.9,1823425,-15.3,874,203.5,151.3,1296839,1156291,1713336,334032,-557045,3,False,756,60.0,C,1889000.0,24.0,2.0,26.0
915,Agarwal Steel Traders #915,07ABCDE1915F1Z6,Micro-Manufacturing,UP - Moradabad,Rs 3-5Cr,Marwari,3361335,91.7,3186341,4166052,2627897,1.5,2865105,2.5,711,183.3,26.3,2434244,2069356,2183113,722923,-113757,3,False,,64.8,C,3361000.0,24.0,2.0,26.0
916,Nair Steel Traders #916,07ABCDE1916F1Z7,Micro-Manufacturing,Gujarat - Morbi,Rs 3-5Cr,Marwari,1532927,83.3,1560140,1861206,1260516,0.8,1480052,-37.4,950,191.2,13.0,1072338,1361653,848871,569097,512782,0,True,,73.4,B,3066000.0,18.0,1.5,19.5
917,Rathi Textiles #917,07ABCDE1917F1Z8,Micro-Manufacturing,UP - Moradabad,> Rs 5Cr,Marwari,3413889,91.7,3588965,4254073,2621202,1.1,3152823,25.3,446,194.8,36.3,2109871,3257722,2629644,1217873,628078,3,True,661,68.8,B,6828000.0,18.0,1.5,19.5
918,Sharma Light Engineering #918,07ABCDE1918F1Z0,Trading,Rajasthan - Bhilwara,Rs 40L-1Cr,Marwari,2310245,66.7,2401988,2760670,1854304,2.9,2433046,-21.0,802,148.7,-20.4,1699929,1518703,1384203,403311,134500,1,False,716,61.3,C,2310000.0,24.0,2.0,26.0
919,Yadav Ceramics #919,07ABCDE1919F1Z1,Trading,Rajasthan - Bhilwara,Rs 1-3Cr,Gujarati,1304555,91.7,1285920,1578854,988448,0.3,1419362,22.7,630,143.2,396.0,877514,1280912,1217512,519095,63400,2,False,729,73.1,B,2609000.0,18.0,1.5,19.5
920,Pillai Timber Traders #920,07ABCDE1920F1Z2,Micro-Manufacturing,Gujarat - Morbi,Rs 1-3Cr,Marwari,286894,91.7,285441,340219,220159,0.5,311225,-0.1,606,150.0,110.6,190570,210448,147166,98371,63282,1,False,700,76.4,B,574000.0,18.0,1.5,19.5
921,Patel Ceramics #921,07ABCDE1921F1Z3,Trading,Rajasthan - Bhilwara,Rs 3-5Cr,Gujarati,2993014,83.3,3009195,3631360,2451634,1.8,3078745,-4.9,624,170.7,73.0,1794904,1971962,1642716,430813,329246,0,False,,73.9,B,5986000.0,18.0,1.5,19.5
922,Reddy Textiles #922,07ABCDE1922F1Z4,Micro-Manufacturing,Rajasthan - Bhilwara,Rs 40L-1Cr,English,1182956,91.7,1230807,1462014,902973,1.0,1018187,-3.2,812,174.5,89.5,785437,727368,967742,161513,-240374,1,False,652,67.5,B,2366000.0,18.0,1.5,19.5
923,Patel Food Processing #923,07ABCDE1923F1Z5,Trading,Rajasthan - Bhilwara,Rs 1-3Cr,Marwari,1507373,91.7,1555123,1840651,1184586,0.8,1628415,23.0,746,120.3,83.2,1005597,1104031,1016276,212961,87755,0,False,,78.3,B,3015000.0,18.0,1.5,19.5
924,Shah Steel Traders #924,07ABCDE1924F1Z6,Micro-Manufacturing,UP - Moradabad,< Rs 40L,Gujarati,1068791,75.0,1111455,1243888,914426,3.7,1025836,-12.5,565,138.0,-33.0,813790,847434,587487,352298,259947,2,False,,60.6,C,1069000.0,24.0,2.0,26.0
925,Agarwal Steel Traders #925,07ABCDE1925F1Z7,Trading,UP - Moradabad,> Rs 5Cr,Marwari,1162090,100.0,1187752,1413953,909059,0.0,1179915,-12.6,786,208.8,-3.8,870077,948833,595940,275319,352893,0,True,,79.0,B,2324000.0,18.0,1.5,19.5
926,Desai Spice Traders #926,07ABCDE1926F1Z8,Micro-Manufacturing,Gujarat - Morbi,Rs 3-5Cr,Marwari,2771221,91.7,3000912,3301562,2626102,1.1,2989849,-12.0,780,152.7,15.2,1974583,2654917,1877311,802297,777606,0,True,,78.1,B,5542000.0,18.0,1.5,19.5
927,Singh Textiles #927,07ABCDE1927F1Z0,Trading,Rajasthan - Bhilwara,Rs 3-5Cr,Marwari,1687121,91.7,1795038,2096326,1361057,1.6,1776782,58.5,695,171.8,-51.4,1194380,1291017,1235770,322871,55247,0,False,,77.2,B,3374000.0,18.0,1.5,19.5
928,Reddy Kirana Wholesale #928,07ABCDE1928F1Z1,Trading,Gujarat - Morbi,Rs 3-5Cr,Marwari,812497,75.0,794385,996136,615412,2.5,804930,19.1,807,166.2,80.6,613004,583991,455800,94950,128191,0,True,,79.0,B,1625000.0,18.0,1.5,19.5
929,Chaudhary Ceramics #929,07ABCDE1929F1Z2,Trading,Gujarat - Morbi,> Rs 5Cr,English,875516,83.3,841316,1085561,657626,2.6,892477,-25.9,611,105.5,440.0,606583,736232,540286,232180,195946,2,False,,63.9,C,876000.0,24.0,2.0,26.0
930,Patel Cloth House #930,07ABCDE1930F1Z3,Trading,Rajasthan - Bhilwara,Rs 40L-1Cr,Hindi,1240810,100.0,1304426,1545356,936743,0.0,1245039,-11.6,772,160.8,-46.4,907758,878784,970326,156658,-91542,0,False,,64.5,C,1241000.0,24.0,2.0,26.0
931,Mehta Food Processing #931,07ABCDE1931F1Z4,Trading,UP - Moradabad,Rs 3-5Cr,English,517136,75.0,515267,643906,403732,3.8,457973,18.1,620,174.0,10.7,363089,349195,476849,77779,-127654,1,False,725,60.8,C,517000.0,24.0,2.0,26.0
932,Agarwal Textiles #932,07ABCDE1932F1Z5,Trading,UP - Moradabad,Rs 1-3Cr,Hindi,1321625,75.0,1317925,1612221,1027863,3.1,1400065,15.5,860,145.8,-43.2,1059213,888697,917216,160443,-28519,0,False,696,65.1,B,2643000.0,18.0,1.5,19.5
933,Kapoor Grains #933,07ABCDE1933F1Z6,Trading,Rajasthan - Bhilwara,Rs 40L-1Cr,Hindi,308790,83.3,292709,380465,233640,2.3,298298,-16.5,740,142.8,53.1,210420,276470,240077,56976,36393,1,True,768,68.7,B,618000.0,18.0,1.5,19.5
934,Yadav Kirana Wholesale #934,07ABCDE1934F1Z7,Micro-Manufacturing,Rajasthan - Bhilwara,> Rs 5Cr,Hindi,939474,75.0,997428,1152689,784670,2.8,945168,-0.3,714,215.7,13.1,689766,755872,887254,127297,-131382,0,False,,65.2,B,1879000.0,18.0,1.5,19.5
935,Desai Hardware Store #935,07ABCDE1935F1Z8,Micro-Manufacturing,Rajasthan - Bhilwara,Rs 40L-1Cr,Gujarati,3154941,75.0,3182455,3922046,2542835,2.8,2822540,-31.5,593,179.3,226.6,2113508,2168087,2120832,1180136,47255,0,False,700,66.5,B,6310000.0,18.0,1.5,19.5
936,Yadav Fertilizer Depot #936,07ABCDE1936F1Z0,Micro-Manufacturing,Rajasthan - Bhilwara,> Rs 5Cr,Marwari,2387541,91.7,2423740,2983891,1949885,0.6,2491986,-16.0,876,158.3,101.2,1771444,1775734,1427947,667873,347787,3,False,,69.2,B,4775000.0,18.0,1.5,19.5
937,Reddy Textiles #937,07ABCDE1937F1Z1,Micro-Manufacturing,Gujarat - Morbi,Rs 3-5Cr,Marwari,1407386,83.3,1463835,1723252,1160736,0.9,1443013,52.5,764,132.0,13.3,1017092,1178054,1302663,154281,-124609,3,True,,66.8,B,2815000.0,18.0,1.5,19.5
938,Rathi Packaging Co #938,07ABCDE1938F1Z2,Micro-Manufacturing,Gujarat - Morbi,Rs 1-3Cr,English,1162139,100.0,1129748,1427393,874448,0.0,1102878,-1.5,478,207.7,-24.5,780036,810339,1053065,128487,-242726,0,True,765,62.2,C,1162000.0,24.0,2.0,26.0
939,Malhotra Agri Traders #939,07ABCDE1939F1Z3,Micro-Manufacturing,UP - Moradabad,Rs 1-3Cr,English,1245152,100.0,1251043,1554906,938157,0.0,1185940,7.2,546,236.5,-9.7,786713,765628,768658,382363,-3030,0,False,766,72.9,B,2490000.0,18.0,1.5,19.5
940,Patel Grains #940,07ABCDE1940F1Z4,Trading,Rajasthan - Bhilwara,Rs 3-5Cr,English,1497083,91.7,1465527,1797992,1191100,1.7,1546337,-15.0,721,170.8,6.2,1048697,1487270,1257037,296956,230233,0,False,,71.5,B,2994000.0,18.0,1.5,19.5
941,Gupta Light Engineering #941,07ABCDE1941F1Z5,Trading,Gujarat - Morbi,Rs 3-5Cr,English,2639637,100.0,2372880,2939842,2010407,0.0,2290867,3.4,898,193.7,-35.2,1942646,2361818,1997528,358930,364290,0,True,,74.7,B,5279000.0,18.0,1.5,19.5
942,Iyer Grains #942,07ABCDE1942F1Z6,Micro-Manufacturing,Rajasthan - Bhilwara,Rs 3-5Cr,Hindi,1353390,83.3,1307349,1488413,1048037,2.2,1298113,82.9,722,181.5,13.2,1032322,1304582,709706,175035,594876,0,False,696,83.6,A,4060000.0,14.0,1.0,15.0
943,Shah Plastics #943,07ABCDE1943F1Z7,Micro-Manufacturing,UP - Moradabad,> Rs 5Cr,Hindi,672104,83.3,656234,820987,517918,1.5,666349,5.2,602,118.5,214.6,437976,445074,358556,76657,86518,0,True,705,71.7,B,1344000.0,18.0,1.5,19.5
944,Malhotra Packaging Co #944,07ABCDE1944F1Z8,Micro-Manufacturing,Gujarat - Morbi,Rs 3-5Cr,English,290982,91.7,296319,356038,222961,0.9,255243,-25.4,707,182.2,11.6,204377,274379,168790,61180,105589,0,False,709,72.4,B,582000.0,18.0,1.5,19.5
945,Malhotra Kirana Wholesale #945,07ABCDE1945F1Z0,Micro-Manufacturing,Rajasthan - Bhilwara,Rs 40L-1Cr,Hindi,224293,91.7,211776,275859,172175,0.7,205165,58.5,652,115.3,184.6,149024,177331,197411,89539,-20080,0,True,,79.6,B,449000.0,18.0,1.5,19.5
946,Agarwal Metal Works #946,07ABCDE1946F1Z1,Trading,UP - Moradabad,Rs 3-5Cr,Marwari,2008703,91.7,1915451,2424227,1531856,0.4,2228926,5.9,844,153.8,55.5,1364193,1928581,1574996,247746,353585,1,False,723,75.3,B,4017000.0,18.0,1.5,19.5
947,Jain Agri Traders #947,07ABCDE1947F1Z2,Trading,Rajasthan - Bhilwara,> Rs 5Cr,Gujarati,614376,91.7,627211,741955,487386,0.4,584635,1.1,870,201.7,74.1,454328,508127,376140,76749,131987,0,True,,82.3,A,1843000.0,14.0,1.0,15.0
948,Chaudhary Packaging Co #948,07ABCDE1948F1Z3,Micro-Manufacturing,Rajasthan - Bhilwara,Rs 1-3Cr,Marwari,2417196,100.0,2325826,2996116,1852892,0.0,2340781,-0.3,713,171.3,-49.1,1871255,1877282,2238858,791154,-361576,0,False,,67.4,B,4834000.0,18.0,1.5,19.5
949,Pillai Spice Traders #949,07ABCDE1949F1Z4,Micro-Manufacturing,Rajasthan - Bhilwara,> Rs 5Cr,Hindi,2375863,66.7,2428112,2932187,1889248,4.2,2402227,-12.6,524,145.2,-16.2,1693524,1443582,2238872,569871,-795290,0,True,659,51.8,C,2376000.0,24.0,2.0,26.0
950,Chaudhary Ceramics #950,07ABCDE1950F1Z5,Micro-Manufacturing,Rajasthan - Bhilwara,Rs 1-3Cr,Marwari,1098580,58.3,1144663,1335089,879250,6.4,1234109,-2.1,738,153.2,330.2,752355,894282,648017,278376,246265,0,True,,73.1,B,2197000.0,18.0,1.5,19.5
951,Sharma Metal Works #951,07ABCDE1951F1Z6,Micro-Manufacturing,UP - Moradabad,Rs 40L-1Cr,Marwari,2913426,75.0,2839912,3611096,2216979,2.8,2997059,15.4,643,156.7,-53.4,2064473,2657820,2201171,1162528,456649,0,False,,69.8,B,5827000.0,18.0,1.5,19.5
952,Sharma Metal Works #952,07ABCDE1952F1Z7,Micro-Manufacturing,Rajasthan - Bhilwara,< Rs 40L,Hindi,692809,91.7,713049,856010,540653,1.2,656787,-0.2,681,143.0,89.3,463547,562740,514018,216935,48722,3,True,774,68.9,B,1386000.0,18.0,1.5,19.5
953,Nair Spice Traders #953,07ABCDE1953F1Z8,Micro-Manufacturing,Gujarat - Morbi,Rs 40L-1Cr,English,1475422,91.7,1464472,1841729,1132782,0.6,1428294,-24.4,574,171.5,433.3,1152347,1474987,801991,572439,672996,0,True,726,74.6,B,2951000.0,18.0,1.5,19.5
954,Reddy Agri Traders #954,07ABCDE1954F1Z0,Trading,Gujarat - Morbi,Rs 40L-1Cr,Gujarati,946742,75.0,973213,1169452,735353,1.8,1011374,-20.7,523,104.7,135.4,655928,780495,673169,302336,107326,0,False,,66.9,B,1893000.0,18.0,1.5,19.5
955,Gupta Steel Traders #955,07ABCDE1955F1Z1,Trading,Gujarat - Morbi,Rs 1-3Cr,English,1227369,83.3,1211316,1533684,923120,1.7,1149489,24.3,804,71.8,-51.2,844026,1210495,980177,425159,230318,0,True,,73.1,B,2455000.0,18.0,1.5,19.5
956,Patel Cloth House #956,07ABCDE1956F1Z2,Micro-Manufacturing,Gujarat - Morbi,> Rs 5Cr,Hindi,2089003,91.7,2052413,2512752,1618519,1.4,2273726,38.7,576,201.2,430.2,1391534,1603165,1400486,473415,202679,0,True,797,85.8,A,6267000.0,14.0,1.0,15.0
957,Gupta Steel Traders #957,07ABCDE1957F1Z3,Micro-Manufacturing,Rajasthan - Bhilwara,Rs 1-3Cr,Hindi,1798364,91.7,1787981,2173224,1448228,0.1,2016159,-12.7,636,157.2,298.4,1238021,1234851,1105978,189022,128873,0,False,734,72.1,B,3597000.0,18.0,1.5,19.5
958,Nair Electricals #958,07ABCDE1958F1Z4,Trading,Rajasthan - Bhilwara,> Rs 5Cr,Hindi,1028640,100.0,1075105,1269679,772806,0.0,904353,-33.8,644,144.2,61.8,627052,977789,638149,357919,339640,1,False,668,72.0,B,2057000.0,18.0,1.5,19.5
959,Chaudhary Metal Works #959,07ABCDE1959F1Z5,Micro-Manufacturing,Rajasthan - Bhilwara,Rs 3-5Cr,Gujarati,415073,91.7,379579,469863,319933,0.7,429935,-36.2,626,154.2,75.0,296102,388438,261972,132138,126466,0,False,791,74.0,B,830000.0,18.0,1.5,19.5
960,Mehta Steel Traders #960,07ABCDE1960F1Z6,Micro-Manufacturing,Rajasthan - Bhilwara,Rs 1-3Cr,Marwari,1072179,91.7,1024166,1259981,837187,1.2,1058008,-30.0,814,140.0,440.5,742790,685260,981191,350510,-295931,1,True,751,64.0,C,1072000.0,24.0,2.0,26.0
961,Yadav Metal Works #961,07ABCDE1961F1Z7,Trading,UP - Moradabad,> Rs 5Cr,Hindi,246921,91.7,243388,296171,199751,0.2,222511,24.1,668,145.7,47.0,179378,170169,215551,94056,-45382,0,False,758,74.6,B,494000.0,18.0,1.5,19.5
962,Iyer Hardware Store #962,07ABCDE1962F1Z8,Trading,UP - Moradabad,< Rs 40L,Marwari,2664765,91.7,2714428,3227523,2181533,0.6,2735885,-12.8,653,145.3,322.6,1852077,1701682,1982775,1063827,-281093,2,False,715,64.0,C,2665000.0,24.0,2.0,26.0
963,Kapoor Auto Parts #963,07ABCDE1963F1Z0,Trading,Gujarat - Morbi,Rs 3-5Cr,Gujarati,612488,100.0,629485,758370,495273,0.0,688529,22.8,682,197.3,-18.4,394900,412868,508196,86477,-95328,2,False,744,65.4,B,1225000.0,18.0,1.5,19.5
964,Patel Grains #964,07ABCDE1964F1Z1,Micro-Manufacturing,Rajasthan - Bhilwara,Rs 3-5Cr,English,497972,100.0,522930,605260,415682,0.0,465425,-7.3,648,186.2,-44.0,359597,466865,344997,81992,121868,0,False,,72.6,B,996000.0,18.0,1.5,19.5
965,Iyer Hardware Store #965,07ABCDE1965F1Z2,Trading,Rajasthan - Bhilwara,< Rs 40L,Marwari,706037,83.3,733578,866937,547498,2.1,628717,16.8,756,178.5,-56.1,476004,671468,381573,232121,289895,2,True,785,72.1,B,1412000.0,18.0,1.5,19.5
966,Patel Steel Traders #966,07ABCDE1966F1Z3,Micro-Manufacturing,Rajasthan - Bhilwara,Rs 3-5Cr,Marwari,512446,75.0,522360,627385,397237,1.8,516553,5.2,613,122.5,-37.0,336734,469838,268853,176485,200985,0,False,772,70.1,B,1025000.0,18.0,1.5,19.5
967,Kapoor Metal Works #967,07ABCDE1967F1Z4,Micro-Manufacturing,Rajasthan - Bhilwara,< Rs 40L,Marwari,200766,91.7,197312,250219,154660,1.2,187950,-33.3,833,120.5,114.5,125209,171537,143000,52407,28537,1,True,754,69.9,B,402000.0,18.0,1.5,19.5
968,Patel Metal Works #968,07ABCDE1968F1Z5,Trading,Gujarat - Morbi,Rs 40L-1Cr,Marwari,2711852,100.0,2802713,3357809,2329028,0.0,2681611,-34.2,747,100.3,-65.8,2170210,2710264,1975435,632872,734829,1,True,,63.5,C,2712000.0,24.0,2.0,26.0
969,Yadav Agri Traders #969,07ABCDE1969F1Z6,Micro-Manufacturing,Gujarat - Morbi,Rs 40L-1Cr,Gujarati,2364742,83.3,2408670,2945633,1782509,1.1,2351435,42.2,597,182.5,257.1,1639078,1851925,1656228,350054,195697,0,False,798,80.7,A,7094000.0,14.0,1.0,15.0
970,Shah Spice Traders #970,07ABCDE1970F1Z7,Trading,Rajasthan - Bhilwara,Rs 40L-1Cr,Gujarati,1355194,75.0,1444175,1682985,1065275,1.9,1303059,-4.4,806,197.7,-82.9,870136,1276732,1143097,148578,133635,0,True,731,65.1,B,2710000.0,18.0,1.5,19.5
971,Patel Cloth House #971,07ABCDE1971F1Z8,Trading,Gujarat - Morbi,< Rs 40L,Gujarati,1086635,83.3,1014812,1223848,831332,1.9,1060682,-29.9,734,192.8,85.9,759740,1059434,1018442,307010,40992,2,True,,64.9,C,1087000.0,24.0,2.0,26.0
972,Kapoor Packaging Co #972,07ABCDE1972F1Z0,Trading,Rajasthan - Bhilwara,Rs 40L-1Cr,Gujarati,1397142,91.7,1396192,1716771,1136209,0.8,1294687,-25.4,474,190.8,193.8,881753,841881,781415,374083,60466,0,True,,71.1,B,2794000.0,18.0,1.5,19.5
973,Mehta Kirana Wholesale #973,07ABCDE1973F1Z1,Micro-Manufacturing,Gujarat - Morbi,< Rs 40L,Marwari,780682,83.3,838721,956705,677234,1.9,829845,11.8,670,188.0,-63.4,527862,709414,480020,230830,229394,0,False,,75.1,B,1561000.0,18.0,1.5,19.5
974,Reddy Steel Traders #974,07ABCDE1974F1Z2,Micro-Manufacturing,Gujarat - Morbi,< Rs 40L,English,1025734,100.0,1003796,1241194,810472,0.0,1001280,39.7,720,165.7,159.7,772959,890374,768316,275337,122058,0,True,768,88.6,A,3077000.0,14.0,1.0,15.0
975,Bansal Grains #975,07ABCDE1975F1Z3,Trading,Gujarat - Morbi,Rs 40L-1Cr,Gujarati,1573375,75.0,1528058,1938345,1215522,3.6,1721351,-19.4,721,182.8,-26.2,1069607,1380887,923565,269032,457322,0,True,715,65.1,B,3147000.0,18.0,1.5,19.5
976,Kapoor Agri Traders #976,07ABCDE1976F1Z4,Micro-Manufacturing,UP - Moradabad,Rs 40L-1Cr,Hindi,1507829,75.0,1565785,1810143,1205916,1.2,1626408,14.9,634,124.3,-58.6,1020184,1257379,898615,249821,358764,0,True,,68.7,B,3016000.0,18.0,1.5,19.5
977,Chaudhary Metal Works #977,07ABCDE1977F1Z5,Trading,UP - Moradabad,Rs 1-3Cr,Marwari,3329860,100.0,3449226,4147354,2910539,0.0,3222198,-21.8,881,193.8,113.0,2196402,2191360,1725485,817052,465875,0,True,689,79.7,B,6660000.0,18.0,1.5,19.5
978,Gupta Plastics #978,07ABCDE1978F1Z6,Trading,Rajasthan - Bhilwara,< Rs 40L,Hindi,1772633,83.3,1817279,2082807,1543672,1.8,1779297,-31.9,596,195.2,40.2,1323930,1726080,933101,546137,792979,1,True,,70.2,B,3545000.0,18.0,1.5,19.5
979,Chaudhary Timber Traders #979,07ABCDE1979F1Z7,Micro-Manufacturing,Rajasthan - Bhilwara,Rs 40L-1Cr,English,1227247,100.0,1221615,1481926,934480,0.0,1254442,-7.7,821,198.3,-42.1,945593,759555,847770,478437,-88215,0,True,,70.0,B,2454000.0,18.0,1.5,19.5
980,Nair Ceramics #980,07ABCDE1980F1Z8,Trading,Rajasthan - Bhilwara,Rs 40L-1Cr,Marwari,1397569,83.3,1437566,1708074,1110530,1.5,1356796,30.4,477,182.3,29.9,1051818,1378739,932599,261504,446140,0,True,,78.0,B,2795000.0,18.0,1.5,19.5
981,Mehta Steel Traders #981,07ABCDE1981F1Z0,Micro-Manufacturing,Rajasthan - Bhilwara,> Rs 5Cr,Hindi,1101507,75.0,1169814,1351793,895713,2.7,1054671,7.8,702,238.3,-3.1,777106,749947,984908,325122,-234961,0,False,,67.2,B,2203000.0,18.0,1.5,19.5
982,Desai Food Processing #982,07ABCDE1982F1Z1,Micro-Manufacturing,Gujarat - Morbi,Rs 40L-1Cr,Marwari,3017639,91.7,2804356,3680987,2418631,1.0,2830865,21.1,779,169.3,-86.1,2054341,2500198,2481806,1129051,18392,3,True,798,67.0,B,6035000.0,18.0,1.5,19.5
983,Desai Electricals #983,07ABCDE1983F1Z2,Micro-Manufacturing,Rajasthan - Bhilwara,Rs 1-3Cr,English,2827117,91.7,3190788,3516936,2691153,0.6,2639224,40.6,730,172.5,40.0,1920709,2673885,2469280,526927,204605,2,True,745,78.6,B,5654000.0,18.0,1.5,19.5
984,Patel Cloth House #984,07ABCDE1984F1Z3,Trading,Rajasthan - Bhilwara,> Rs 5Cr,Hindi,180951,100.0,169467,214066,138287,0.0,163436,23.6,817,120.5,-59.5,138785,108968,164942,26245,-55974,0,False,,68.2,B,362000.0,18.0,1.5,19.5
985,Yadav Kirana Wholesale #985,07ABCDE1985F1Z4,Micro-Manufacturing,Gujarat - Morbi,< Rs 40L,Gujarati,399841,91.7,412830,496909,307739,1.4,395822,-29.3,735,124.7,-34.8,292302,332206,211028,43044,121178,0,False,680,64.2,C,400000.0,24.0,2.0,26.0
986,Shah Packaging Co #986,07ABCDE1986F1Z5,Trading,UP - Moradabad,Rs 3-5Cr,Gujarati,932745,75.0,949974,1165919,723999,3.2,1076026,0.6,610,150.2,-9.7,678012,932554,499260,175087,433294,2,False,727,62.1,C,933000.0,24.0,2.0,26.0
987,Desai Food Processing #987,07ABCDE1987F1Z6,Trading,Gujarat - Morbi,Rs 40L-1Cr,English,2937196,91.7,3005223,3632215,2395008,0.1,2877714,0.2,488,196.8,28.1,2083231,1781521,2203679,1057357,-422158,0,True,679,66.9,B,5874000.0,18.0,1.5,19.5
988,Jain Textiles #988,07ABCDE1988F1Z7,Micro-Manufacturing,Gujarat - Morbi,Rs 40L-1Cr,Hindi,2427988,91.7,2374033,2826959,1894722,0.1,2407342,-23.5,771,193.3,17.6,1418308,2075297,1670148,573275,405149,0,False,,75.5,B,4856000.0,18.0,1.5,19.5
989,Iyer Timber Traders #989,07ABCDE1989F1Z8,Trading,UP - Moradabad,Rs 1-3Cr,Gujarati,2845529,83.3,3022889,3552055,2246508,2.1,3065501,-37.2,492,168.7,387.9,2177132,2417606,2156878,854113,260728,2,True,,60.9,C,2846000.0,24.0,2.0,26.0
990,Yadav Electricals #990,07ABCDE1990F1Z0,Trading,Gujarat - Morbi,> Rs 5Cr,English,2862395,83.3,2866147,3408527,2318863,1.2,2637670,-4.5,679,133.3,58.8,2026008,2366568,2525195,513488,-158627,0,True,,69.6,B,5725000.0,18.0,1.5,19.5
991,Gupta Auto Parts #991,07ABCDE1991F1Z1,Trading,Rajasthan - Bhilwara,> Rs 5Cr,Marwari,3177870,91.7,3057398,3673590,2517243,0.3,3346691,-25.7,731,220.0,16.0,2050292,2268277,2228646,593974,39631,0,False,756,70.9,B,6356000.0,18.0,1.5,19.5
992,Jain Plastics #992,07ABCDE1992F1Z2,Micro-Manufacturing,UP - Moradabad,Rs 40L-1Cr,Marwari,2154314,83.3,2280297,2690859,1622434,1.9,2376029,-13.9,711,139.5,121.8,1496327,1653458,1301740,607986,351718,0,True,775,76.4,B,4309000.0,18.0,1.5,19.5
993,Gupta Metal Works #993,07ABCDE1993F1Z3,Micro-Manufacturing,UP - Moradabad,> Rs 5Cr,English,1716411,91.7,1819165,2096222,1311351,0.8,1631322,-16.6,578,110.2,-46.0,1217639,1270635,1448472,670827,-177837,0,False,,59.9,C,1716000.0,24.0,2.0,26.0
994,Iyer Agri Traders #994,07ABCDE1994F1Z4,Trading,Gujarat - Morbi,> Rs 5Cr,English,2427877,83.3,2429993,3027968,1837239,2.2,2078407,-19.7,563,173.3,59.2,1793174,2144703,1490446,767800,654257,0,False,778,73.5,B,4856000.0,18.0,1.5,19.5
995,Gupta Cloth House #995,07ABCDE1995F1Z5,Micro-Manufacturing,UP - Moradabad,< Rs 40L,Marwari,2072910,83.3,2136115,2493164,1691731,1.1,2015678,-21.0,861,153.2,-39.1,1476344,1877292,1347477,231947,529815,1,True,734,64.2,C,2073000.0,24.0,2.0,26.0
996,Nair Steel Traders #996,07ABCDE1996F1Z6,Trading,Rajasthan - Bhilwara,< Rs 40L,Marwari,794091,91.7,764041,934244,646697,1.5,837923,25.1,569,199.8,-48.7,504234,779186,730169,298593,49017,0,True,742,74.0,B,1588000.0,18.0,1.5,19.5
997,Sharma Plastics #997,07ABCDE1997F1Z7,Trading,Rajasthan - Bhilwara,< Rs 40L,English,2997502,75.0,3074725,3724899,2280399,1.4,3213182,21.5,644,172.7,188.9,2272449,2921532,2808836,685069,112696,1,False,663,72.3,B,5995000.0,18.0,1.5,19.5
998,Sharma Fertilizer Depot #998,07ABCDE1998F1Z8,Trading,Rajasthan - Bhilwara,< Rs 40L,English,2268411,91.7,2420765,2802571,1754604,1.4,2429691,-30.9,722,224.2,-51.9,1684493,2020491,1698148,472297,322343,0,True,652,63.3,C,2268000.0,24.0,2.0,26.0
999,Shah Fertilizer Depot #999,07ABCDE1999F1Z0,Trading,Rajasthan - Bhilwara,Rs 1-3Cr,Marwari,2676147,75.0,2760945,3318885,2296416,3.3,2707012,1.5,732,174.2,-86.3,1705003,2557130,1806347,685537,750783,1,True,666,64.6,C,2676000.0,24.0,2.0,26.0
1000,Jain Plastics #1000,07ABCDE2000F1Z1,Micro-Manufacturing,UP - Moradabad,> Rs 5Cr,Hindi,412301,100.0,409616,495658,315391,0.0,441411,-31.2,757,170.7,147.1,280629,361068,224943,125139,136125,0,True,,78.2,B,825000.0,18.0,1.5,19.5
